r (cm),0,1,2,3,4,5,6,7,8,9,10,11,12,13,14,15,16,17,18,19,20,21,22,23,24,25,26,27,28,29,30,31,32,33,34,35,36,37,38,39,40,41,42,43,44,45,46,47,48,49,50,51,52,53,54,55,56,57,58,59,60,61,62,63,64,65,66,67,68,69,70,71,72,73,74,75,76,77,78,79,80,81,82,83,84,85,86,87,88,89,90,91,92,93,94,95,96,97,98,99,100,101,102,103,104,105,106,107,108,109,110,111,112,113,114,115,116,117,118,119,120,121,122,123,124,125,126,127,128,129,130,131,132,133,134,135,136,137,138,139,140,141,142,143,144,145,146,147,148,149,150,151,152,153,154,155,156,157,158,159,160,161,162,163,164,165,166,167,168,169,170,171,172,173,174,175,176,177,178,179,180
0,0.59755,0.507825,0.526225,0.55645,0.589185928,0.625675,0.659834186,0.69125,0.721071909,0.747902819,0.77015,0.787061692,0.80125,0.81541888,0.829408223,0.842375,0.853688266,0.863565418,0.872435937,0.880729304,0.888875,0.897287851,0.905862528,0.914248279,0.922094353,0.92905,0.934362316,0.93793273,0.940391985,0.942370827,0.9445,0.947121646,0.950045433,0.953103397,0.956127574,0.95895,0.961551694,0.963960408,0.966078275,0.967807428,0.96905,0.969893506,0.970678527,0.971686794,0.973200041,0.9755,0.978746314,0.982610273,0.986641074,0.990387916,0.9934,0.995252856,0.996053243,0.996147203,0.995880775,0.9956,0.99557578,0.995778462,0.996103254,0.996445364,0.9967,0.996863665,0.997007834,0.99714017,0.997268337,0.9974,0.997538991,0.997673813,0.997789141,0.997869645,0.9979,0.997917493,0.997968275,0.998050309,0.998161563,0.9983,0.998460956,0.998629247,0.99878706,0.998916582,0.999,0.999035652,0.99904964,0.999065803,0.999107977,0.9992,0.999355772,0.999549443,0.999745229,0.999907343,1,0.999948423,0.999750069,0.999477503,0.999203291,0.999,0.99888824,0.998829092,0.998805823,0.998801703,0.9988,0.998788445,0.998772621,0.998762575,0.998768353,0.9988,0.998847901,0.998890185,0.998918519,0.998924569,0.9989,0.99883092,0.998711946,0.998547512,0.998342053,0.9981,0.997826619,0.997530502,0.997221076,0.996907766,0.9966,0.996264,0.995898222,0.995560445,0.995308445,0.9952,0.995240419,0.995270147,0.995099666,0.994539457,0.9934,0.991073469,0.987515111,0.983380018,0.979323284,0.976,0.973843584,0.972598585,0.971886795,0.971330003,0.97055,0.969250499,0.967462712,0.965299675,0.962874425,0.9603,0.957644033,0.9549397,0.95224835,0.949631334,0.94715,0.944801167,0.942323153,0.939389554,0.935673971,0.93085,0.92472584,0.917524876,0.909543493,0.901078073,0.892425,0.883784937,0.874975538,0.865718671,0.855736203,0.84475,0.831938965,0.816620673,0.798725,0.77810826,0.754725,0.728913506,0.702056976,0.6758,0.649345622,0.6075,0.545513357,0.511175,0.51382,0.40249,0.29116
0.25,0.59755,0.507825,0.526225,0.55645,0.589539706,0.625675,0.659526446,0.69125,0.721100035,0.747908091,0.77015,0.787071033,0.80125,0.815432637,0.829443064,0.842375,0.853534922,0.863206049,0.871947216,0.880317255,0.888875,0.898012628,0.907289434,0.916014925,0.923498611,0.92905,0.933016898,0.936342602,0.939229857,0.941881408,0.9445,0.94724642,0.950113628,0.953052626,0.956014416,0.95895,0.961630428,0.963907905,0.965855169,0.967544955,0.96905,0.970241772,0.971159013,0.972125368,0.973464482,0.9755,0.978574624,0.982449949,0.986577962,0.99041065,0.9934,0.99515067,0.995877996,0.995949989,0.995734654,0.9956,0.995698722,0.995906138,0.996174193,0.996454833,0.9967,0.996875146,0.996999742,0.997106765,0.997229192,0.9974,0.997575865,0.997700407,0.997787016,0.997849084,0.9979,0.997951909,0.99801196,0.998086058,0.998180104,0.9983,0.998449428,0.998614538,0.998774933,0.998910219,0.999,0.999033061,0.999034907,0.999040222,0.999083692,0.9992,0.999407665,0.999657846,0.999884196,1.000020364,1,0.999838749,0.999621143,0.999384163,0.999164788,0.999,0.99890976,0.998871482,0.998858323,0.998843443,0.9988,0.998753888,0.99874167,0.998752508,0.998775564,0.9988,0.998817669,0.99883119,0.998845877,0.998867042,0.9989,0.99889091,0.998791982,0.998617598,0.998382143,0.9981,0.997846943,0.997641661,0.997412907,0.997089435,0.9966,0.99613806,0.99587358,0.995700069,0.995511039,0.9952,0.995255838,0.99578456,0.996105364,0.995537445,0.9934,0.989948835,0.986129477,0.982295702,0.978801284,0.976,0.974131828,0.972981635,0.972220528,0.971519614,0.97055,0.969120956,0.967309181,0.965186929,0.962826451,0.9603,0.957675263,0.955002214,0.952326534,0.949693902,0.94715,0.94474214,0.942255593,0.939342976,0.935656906,0.93085,0.924691501,0.917417244,0.909379737,0.900931487,0.892425,0.884131813,0.875740162,0.866727606,0.856571699,0.84475,0.831333485,0.816241688,0.798725,0.778197253,0.754725,0.728471832,0.701258452,0.6758,0.650010455,0.6075,0.543755615,0.511175,0.51382,0.40249,0.29116
0.5,0.5729,0.51405,0.53295,0.5628,0.596069318,0.63105,0.664111466,0.6951,0.724229744,0.750151469,0.7717,0.788498065,0.8028,0.81684593,0.83053767,0.84315,0.854289926,0.864216717,0.873183546,0.881443583,0.88925,0.897053168,0.904928706,0.91256766,0.919661076,0.9259,0.930905181,0.934753112,0.937818453,0.940475862,0.9431,0.945982153,0.949071591,0.952229954,0.955318878,0.9582,0.960766881,0.963019322,0.964978322,0.966664882,0.9681,0.969442701,0.970828427,0.972242802,0.973671451,0.9751,0.976529603,0.97798436,0.979484316,0.981049514,0.9827,0.984128812,0.985130665,0.985878111,0.986543705,0.9873,0.988165974,0.989018926,0.98981889,0.990525903,0.9911,0.991620333,0.992183819,0.992777137,0.993386971,0.994,0.994604219,0.995180432,0.995704535,0.996152425,0.9965,0.996824029,0.997200828,0.997605613,0.998013598,0.9984,0.998621104,0.998622495,0.998513333,0.998402781,0.9984,0.998588282,0.998915855,0.999289288,0.999615147,0.9998,0.999864539,0.999901771,0.999926733,0.999954463,1,1.000154295,1.000419542,1.000677641,1.000810494,1.0007,1.000303966,0.999741739,0.999137529,0.998615546,0.9983,0.998181389,0.998141276,0.998140468,0.998139773,0.9981,0.997956666,0.997692851,0.997340702,0.996932369,0.9965,0.996110849,0.995768952,0.99541163,0.994976206,0.9944,0.993696462,0.992962373,0.992260053,0.991651822,0.9912,0.990708008,0.989991436,0.98913086,0.988206856,0.9873,0.986108605,0.984527522,0.982932137,0.981697834,0.9812,0.98094819,0.980253936,0.979195587,0.977851492,0.9763,0.974864121,0.973671252,0.972506322,0.971154262,0.9694,0.967352527,0.965250045,0.963071299,0.960795035,0.9584,0.955904239,0.953338523,0.950700688,0.947988568,0.9452,0.942306203,0.939171625,0.935633946,0.931530845,0.9267,0.921025863,0.914594177,0.90754456,0.900016629,0.89215,0.884063413,0.875599563,0.866484007,0.856442301,0.8452,0.832468935,0.8177717,0.80055,0.780596171,0.75825,0.733533056,0.7072637,0.6809,0.65362776,0.6133,0.553272847,0.51835,0.51894,0.40908,0.29922
0.75,0.544437188,0.52070521,0.540141971,0.569553643,0.602445438,0.636779926,0.669284742,0.69921695,0.72741797,0.752127561,0.773394799,0.790136456,0.804485101,0.818568407,0.831788553,0.84401989,0.855025038,0.865077948,0.874226738,0.882267816,0.889679837,0.896712662,0.903323936,0.909803281,0.916327117,0.922344635,0.927440312,0.931872612,0.935812987,0.938809056,0.941593296,0.944800592,0.948123475,0.951319153,0.954562301,0.957490405,0.959969834,0.962133196,0.964005647,0.965626993,0.96712102,0.968600168,0.970104636,0.971599549,0.973116845,0.974684493,0.976216844,0.977562797,0.978476194,0.978683786,0.979352557,0.980649801,0.981824916,0.98238541,0.983413415,0.984584403,0.985465073,0.98617326,0.987576837,0.988628062,0.989484087,0.990449733,0.991507399,0.992310662,0.993753841,0.994523872,0.994541317,0.994603101,0.995283932,0.995880601,0.996337463,0.996848695,0.997465616,0.997955412,0.998515687,0.999139106,0.99966828,1.000028366,1.00027896,1.000093599,0.999972138,1.000271752,1.000697957,1.000722427,1.000520775,1.000386594,1.000308738,1.000194369,1.000088313,1.000037113,1.000000129,0.999987286,1.000013959,1.000178094,1.000578975,1.000721483,1.000342008,0.999779706,0.999716911,1.000737644,1.001315261,1.000674625,0.99956988,0.999250627,0.998986925,0.998698703,0.998342865,0.997872093,0.997307042,0.997256673,0.997229033,0.996924951,0.996303953,0.995285687,0.994393991,0.993678408,0.993064031,0.992656363,0.992640117,0.992241276,0.991693948,0.990794971,0.989444461,0.988591415,0.987229019,0.98540701,0.983402891,0.9816585,0.980438691,0.978535106,0.976725938,0.976080157,0.976513753,0.977246425,0.97740446,0.976747468,0.975609751,0.974393286,0.972689629,0.970494307,0.968194715,0.965873864,0.963490975,0.96111904,0.958724705,0.956285254,0.95389121,0.951486841,0.94881072,0.946001234,0.943043946,0.939866254,0.936341199,0.932106005,0.927187301,0.921942469,0.916813379,0.91174428,0.905840802,0.899109727,0.89190914,0.884152668,0.875608165,0.86634434,0.856567843,0.845728562,0.833119608,0.818784651,0.80251828,0.783595742,0.761975238,0.737420498,0.712087272,0.686296202,0.659661654,0.619406431,0.558583936,0.525779832,0.524233135,0.416075347,0.307720686
1,0.5236,0.5265,0.5464,0.5755,0.608101328,0.6418,0.673589124,0.7028,0.72973783,0.754079001,0.7748,0.791453888,0.8059,0.819754554,0.832795202,0.8447,0.855482312,0.865383468,0.874423467,0.882622311,0.89,0.896690352,0.902886521,0.908697514,0.914232338,0.9196,0.924625737,0.929120712,0.933172818,0.936869949,0.9403,0.943735781,0.947272371,0.950731071,0.95393318,0.9567,0.959034697,0.961096562,0.962941079,0.96462373,0.9662,0.967745633,0.969311012,0.970913574,0.972570757,0.9743,0.976084812,0.977829134,0.97943105,0.980788644,0.9818,0.982564351,0.983311934,0.984137341,0.985135166,0.9864,0.987600276,0.988460985,0.989161556,0.989881418,0.9908,0.992192493,0.993936177,0.995613615,0.996807369,0.9971,0.996815044,0.996593622,0.996494678,0.996577157,0.9969,0.997352928,0.997819574,0.998349757,0.998993293,0.9998,1.00060807,1.001230333,1.00167856,1.001964525,1.0021,1.002020526,1.001724593,1.001318397,1.000908134,1.0006,1.000415705,1.000289119,1.000194681,1.000106829,1,0.999858341,0.999704829,0.999572146,0.999492975,0.9995,1.000102868,1.001455385,1.003056467,1.004405033,1.005,1.00456644,1.003425952,1.001972244,1.000599024,0.9997,0.999426547,0.999504468,0.999689116,0.999735843,0.9994,0.9986367,0.997660513,0.996615976,0.995647626,0.9949,0.994485383,0.994387051,0.994556027,0.994943336,0.9955,0.995391949,0.994117826,0.992127729,0.989871754,0.9878,0.98589087,0.983908144,0.981979982,0.980234547,0.9788,0.977940077,0.977627892,0.977555668,0.977415629,0.9769,0.975762711,0.974063351,0.971952637,0.969581282,0.9671,0.964605393,0.962099387,0.959590685,0.957087988,0.9546,0.952158977,0.949718212,0.947167958,0.944398469,0.9413,0.937670077,0.93345368,0.928762244,0.923707206,0.9184,0.913239818,0.908322826,0.903305926,0.897846018,0.8916,0.884349309,0.876132052,0.866990141,0.856965487,0.8461,0.833891118,0.819885746,0.8042,0.786268873,0.7653,0.74140842,0.716069767,0.6911,0.66623991,0.6249,0.566194022,0.5327,0.52918,0.42226,0.31534
1.25,0.515597384,0.531933708,0.552631783,0.581399785,0.613635329,0.646720867,0.677764797,0.706271883,0.731894506,0.755621853,0.775941321,0.792413918,0.807153141,0.82080935,0.833616942,0.845173683,0.855849557,0.865636329,0.87462847,0.88277257,0.890179686,0.896751023,0.902655885,0.908056543,0.913090649,0.917971078,0.922831311,0.927538659,0.931799915,0.93563728,0.939147646,0.942720539,0.946379489,0.949822115,0.952936728,0.955507069,0.957901137,0.959919021,0.961793562,0.963513923,0.965162739,0.966797186,0.9684431,0.970148756,0.972032375,0.973887769,0.975546411,0.977382718,0.979517663,0.981512943,0.982962085,0.983651485,0.984192109,0.984914007,0.98625001,0.987445937,0.988287143,0.988959464,0.989508223,0.990440084,0.991102856,0.992302333,0.993490662,0.995368644,0.996833883,0.997722671,0.997838985,0.997274744,0.996945194,0.996766565,0.996892342,0.997234596,0.997604288,0.998090538,0.998872751,0.999565387,1.000291416,1.001078033,1.001717009,1.002402135,1.002441639,1.002579084,1.002005218,1.001338241,1.00067706,1.000305456,1.000387187,1.000275129,1.00018839,1.000109251,0.999999674,0.999737734,0.999374223,0.999027695,0.998704953,0.998505559,0.999775336,1.001978947,1.00404141,1.005523121,1.005507149,1.005526988,1.004246013,1.002663945,1.000876844,0.99966569,0.999569403,0.999856731,1.000079696,1.000269617,0.999749834,0.999124202,0.997904555,0.996798966,0.995787756,0.995036,0.994782604,0.994961355,0.995437571,0.996430837,0.996707185,0.995940282,0.99437972,0.99218535,0.990584059,0.988570771,0.98705575,0.984989565,0.983207338,0.981532449,0.980115009,0.979031863,0.978290752,0.977784745,0.977222077,0.976413546,0.975224853,0.973359714,0.971057649,0.96849736,0.965959038,0.9635794,0.96104485,0.958492158,0.955939859,0.953444253,0.951037041,0.948616999,0.946077371,0.943200991,0.940032831,0.936192766,0.931723625,0.926866323,0.921721937,0.916691263,0.912044918,0.907600802,0.903020443,0.897533827,0.8910709,0.883957436,0.875811243,0.866839988,0.856963172,0.846237643,0.834306427,0.820686567,0.80573255,0.78887022,0.768670463,0.745222041,0.720354537,0.695986141,0.670166205,0.630505616,0.570749744,0.540151834,0.534298539,0.428502319,0.323135827
1.5,0.51793043,0.53802334,0.559125507,0.587511273,0.619289012,0.651825992,0.682223542,0.709876729,0.734625755,0.756978192,0.777113645,0.793620215,0.808459109,0.821935572,0.834514601,0.845666668,0.856131356,0.865923189,0.874806286,0.882923599,0.890364983,0.896997502,0.902772038,0.908034866,0.912778302,0.917332386,0.921871488,0.926311597,0.930651838,0.934639488,0.938245096,0.941852871,0.945494582,0.948840031,0.951611406,0.954147166,0.956553975,0.958782413,0.96063571,0.96242427,0.964179384,0.965905781,0.967667345,0.969693854,0.971741083,0.973526607,0.975070233,0.976565195,0.978227982,0.980515868,0.982246727,0.98296215,0.983562873,0.98503136,0.98631875,0.987218158,0.987812341,0.988421498,0.989394326,0.989738347,0.990242967,0.991366261,0.992647147,0.993522117,0.995107552,0.996469833,0.997181946,0.99722955,0.996632613,0.996299277,0.996328411,0.996561309,0.99687884,0.997566399,0.998171979,0.998662946,0.999303354,1.000200778,1.001151088,1.001278147,1.001259296,1.001458827,1.001593305,1.00088451,1.000073387,0.999674582,0.999856311,1.000226538,1.000202235,1.000117669,0.999999384,0.999680928,0.999204442,0.998681808,0.998030276,0.997952324,0.999421368,1.001790758,1.003475318,1.003520219,1.003358179,1.003434963,1.003324068,1.001752115,0.999987965,0.998805256,0.998685405,0.998953092,0.999348784,0.998997763,0.998429019,0.997849753,0.997136578,0.995789472,0.994758103,0.994053752,0.993842645,0.994202408,0.995224165,0.995626151,0.995271297,0.994047677,0.992437717,0.991425447,0.98941796,0.987465827,0.986101806,0.984836445,0.982798075,0.981217648,0.979897539,0.978731624,0.977788637,0.977143248,0.976412426,0.975511414,0.974254292,0.972524553,0.970200464,0.967509843,0.964915737,0.962581361,0.960304989,0.957821131,0.955273022,0.952804108,0.950453858,0.948057627,0.945365432,0.942520345,0.939284825,0.935346531,0.930786304,0.92596364,0.92117081,0.916510173,0.912243902,0.908063744,0.902947002,0.8969978,0.890524441,0.88346911,0.875601094,0.866637246,0.856924813,0.846374364,0.834607852,0.82165058,0.807305214,0.791673083,0.772158456,0.749163331,0.725387201,0.701049728,0.674760924,0.636236661,0.58102822,0.547289458,0.539669777,0.435112491,0.331204122
1.75,0.526173261,0.544576303,0.565981478,0.593967124,0.625268475,0.657293122,0.687024858,0.713793211,0.737757393,0.759207664,0.778679147,0.795426072,0.810035523,0.823412889,0.835480003,0.846451319,0.85667243,0.866271114,0.875211469,0.883334094,0.890742788,0.897392729,0.903194205,0.908353842,0.913094374,0.917452501,0.921771459,0.92598573,0.930078102,0.934052463,0.937744999,0.941369483,0.944770818,0.947714847,0.950441417,0.95298868,0.95537332,0.957627743,0.959769504,0.961655484,0.963506337,0.965357967,0.967465046,0.969630448,0.971625162,0.973327141,0.974755715,0.976071958,0.977386273,0.978838247,0.980683005,0.981579514,0.983039449,0.98433299,0.985521645,0.9864063,0.987077741,0.987924404,0.988277565,0.988538223,0.989011594,0.989948134,0.991096658,0.992268364,0.993128852,0.994432079,0.99528974,0.995699756,0.995912749,0.995632554,0.995550275,0.995719689,0.996163597,0.996579439,0.997089095,0.997579032,0.998316976,0.999123441,0.999346013,0.999415604,0.999447305,0.999595596,0.999798832,0.999905802,0.999441921,0.998956418,0.999083966,0.999511321,1.000039621,1.000133823,0.999999401,0.999646325,0.999053002,0.998225396,0.997679576,0.997747928,0.999238787,1.000360072,1.000370608,1.000244421,1.00013012,1.000076997,1.000055202,0.999951489,0.998865887,0.997742194,0.997610923,0.997705623,0.997359383,0.996940586,0.996418695,0.995788741,0.995111452,0.994407371,0.993368018,0.992669627,0.992550078,0.992999744,0.993023988,0.993018536,0.992599762,0.991595304,0.990815501,0.989173866,0.987340782,0.985627969,0.984268952,0.983089065,0.981942104,0.980305711,0.979006299,0.977820006,0.977038098,0.9763244,0.975532919,0.974553576,0.973206114,0.971458386,0.969392885,0.966885097,0.964189567,0.961790363,0.959542116,0.957399917,0.955065666,0.95263691,0.950317455,0.947842326,0.945281494,0.942403376,0.939094406,0.935105757,0.930776963,0.926364146,0.921823881,0.917323996,0.913128253,0.90823626,0.902695229,0.896697324,0.890240762,0.883204665,0.875435674,0.866846558,0.857226376,0.846823904,0.835408756,0.82279424,0.809150271,0.794354695,0.775742221,0.753724316,0.730338698,0.70623845,0.680435404,0.642099375,0.589522042,0.554307353,0.544916127,0.441886417,0.339400356
2,0.5359,0.5514,0.5733,0.6009,0.631842137,0.6633,0.692245985,0.7182,0.741402716,0.762220794,0.781,0.797596178,0.8121,0.825154273,0.837015002,0.8478,0.857797033,0.867195415,0.875965281,0.884076764,0.8915,0.898113354,0.903921074,0.909082116,0.91375544,0.9181,0.922288845,0.926374736,0.930336205,0.934151782,0.9378,0.941202418,0.944322395,0.947201164,0.949879955,0.9524,0.954797233,0.957086401,0.959276952,0.961378336,0.9634,0.965479956,0.967657924,0.969795913,0.971755935,0.9734,0.974716706,0.97585801,0.976930961,0.978042608,0.9793,0.980696328,0.982105846,0.9834572,0.984679036,0.9857,0.986434601,0.986927711,0.987303521,0.987686221,0.9882,0.988921454,0.989799503,0.990766825,0.991756098,0.9927,0.993490896,0.994082159,0.994497974,0.994762526,0.9949,0.995050191,0.995328177,0.995721067,0.996215972,0.9968,0.997304755,0.997609113,0.997771094,0.997848716,0.9979,0.998022084,0.998217307,0.998401487,0.998490445,0.9984,0.998463677,0.998904878,0.999474242,0.999922404,1,0.99955945,0.998819318,0.998079462,0.997639737,0.9978,0.998137039,0.998122867,0.997900176,0.997611656,0.9974,0.997364788,0.997433156,0.997489131,0.997416737,0.9971,0.996639744,0.996196311,0.995743006,0.995253134,0.9947,0.994069299,0.993396294,0.99272864,0.99211399,0.9916,0.991200669,0.990879336,0.990607669,0.990357335,0.9901,0.989538918,0.988505091,0.987161804,0.985672345,0.9842,0.982871976,0.981671158,0.980544352,0.979438364,0.9783,0.977283391,0.976480912,0.975746738,0.974935043,0.9739,0.972525614,0.970815232,0.968802044,0.966519237,0.964,0.961531794,0.959303048,0.957198406,0.955102509,0.9529,0.950615189,0.948262688,0.945712593,0.942834998,0.9395,0.935733843,0.931693931,0.927447097,0.923060176,0.9186,0.913882747,0.908693671,0.903053222,0.896981849,0.8905,0.883501581,0.875817067,0.867371762,0.858090972,0.8479,0.836715699,0.824556483,0.8115,0.797123888,0.7794,0.758130397,0.735221764,0.7115,0.685688507,0.6481,0.595288988,0.5614,0.54966,0.44862,0.34758
2.25,0.544496953,0.5583448,0.58109358,0.608320042,0.638958796,0.669932497,0.698206013,0.723121478,0.745700189,0.765835313,0.784315533,0.800586136,0.814802418,0.827661198,0.839345859,0.849885611,0.85962839,0.868920183,0.877525714,0.88548429,0.892757347,0.899259623,0.904997496,0.910095437,0.914770049,0.919060055,0.923229723,0.927241126,0.931120466,0.934798982,0.938494896,0.941722108,0.944872504,0.947629839,0.950175706,0.952627465,0.95508943,0.957486541,0.959775625,0.961858706,0.96401796,0.965886525,0.968024408,0.970190614,0.972181345,0.973804628,0.975017263,0.976151863,0.977010715,0.977833323,0.978886438,0.980348957,0.981902405,0.983344297,0.984476812,0.985620223,0.986388709,0.986840868,0.987241417,0.987646411,0.988382815,0.988916395,0.989733023,0.990540444,0.991395485,0.992100538,0.992680096,0.993475852,0.994026473,0.994404438,0.994643933,0.994866975,0.995187156,0.9956065,0.996042407,0.996684716,0.997124752,0.997278657,0.997314914,0.997214174,0.997286065,0.997250279,0.997542296,0.997847561,0.998105281,0.998194907,0.99842026,0.9990186,0.999722298,1.000021633,1.000000952,0.999760678,0.999319075,0.998537977,0.99802753,0.998026332,0.998209169,0.998106215,0.997483322,0.996775895,0.996369857,0.9965788,0.997029952,0.997445993,0.9974231,0.997340955,0.996552097,0.996007455,0.995361926,0.994672964,0.994018695,0.993466024,0.992921856,0.992374411,0.991773842,0.991397668,0.990765025,0.990348042,0.989871311,0.989404066,0.988856792,0.988434432,0.987947605,0.986751317,0.985376354,0.984031861,0.982877997,0.98186166,0.980894323,0.979633764,0.9784271,0.977260204,0.976406707,0.975667468,0.974853182,0.973814912,0.972492454,0.970881859,0.968966374,0.966750618,0.964482789,0.96221232,0.960081713,0.958054726,0.955815631,0.953534157,0.951243862,0.948967108,0.946520924,0.943747895,0.940477395,0.936723663,0.932848494,0.928679469,0.924360387,0.91989568,0.915060762,0.909733803,0.903966365,0.897789025,0.891479655,0.884602409,0.877144875,0.86885097,0.859758301,0.849806099,0.838996264,0.827236679,0.814498014,0.800058892,0.783050044,0.762605771,0.740157593,0.716776938,0.691621137,0.654081413,0.60415207,0.56869457,0.554556725,0.455261561,0.355677781
2.5,0.552498474,0.565432934,0.589182982,0.616004503,0.646511029,0.676908991,0.704422629,0.728320774,0.750182375,0.769913142,0.788347166,0.80383105,0.817967068,0.830364523,0.842080182,0.85247348,0.862003775,0.870959658,0.879478975,0.887275014,0.894377043,0.900731708,0.906360922,0.911439024,0.915938207,0.92018443,0.924329274,0.928267275,0.932052798,0.936055127,0.939627956,0.942682558,0.945571085,0.948521124,0.951020515,0.953429222,0.955941561,0.958386816,0.960554712,0.962923934,0.965110409,0.966932842,0.968654011,0.970696083,0.972737549,0.974391444,0.97558034,0.976564249,0.977621807,0.978336261,0.979271789,0.980733935,0.982282726,0.983462842,0.984795978,0.986010902,0.986799101,0.987238559,0.987655501,0.988493056,0.989300458,0.989821819,0.990265023,0.991097941,0.99186671,0.992408813,0.992751098,0.993154068,0.993876789,0.994379663,0.994714477,0.995036187,0.99541521,0.995797544,0.996442148,0.997073713,0.99742844,0.997440053,0.997286324,0.997351393,0.997404692,0.997319588,0.997272289,0.997649386,0.998034874,0.998270617,0.998693704,0.999427859,0.99979844,1.000039019,1.000001558,0.999733573,0.999451991,0.999131914,0.998533663,0.998320701,0.998322459,0.998262561,0.998074389,0.997223735,0.996741758,0.997137942,0.997788708,0.997901655,0.998260858,0.998199808,0.997382113,0.996267715,0.995650151,0.994880869,0.99417902,0.993683958,0.993201146,0.992583245,0.992354432,0.991917368,0.991155642,0.990389137,0.989948091,0.989392348,0.988687846,0.988058823,0.98765669,0.987264882,0.986057235,0.984802053,0.983851979,0.982979429,0.981640498,0.980359544,0.979191525,0.978055573,0.97689443,0.976038337,0.97521787,0.974179552,0.972881013,0.971313651,0.96940748,0.967481327,0.96541888,0.96331539,0.961246721,0.958947597,0.956681067,0.954410403,0.952117564,0.949798388,0.947456418,0.944868943,0.941764977,0.938102626,0.934050303,0.929969484,0.925647946,0.921117295,0.916188854,0.910759151,0.904962593,0.899139344,0.892946669,0.886183484,0.87884882,0.870911142,0.862022638,0.85229731,0.841846105,0.830317422,0.817898546,0.803071045,0.786620918,0.766810826,0.745154041,0.721991308,0.696784129,0.659912108,0.611506185,0.576049005,0.560057828,0.461882118,0.363737576
2.75,0.560200758,0.572729601,0.597380893,0.623736713,0.653723001,0.68385599,0.710375318,0.733584683,0.754743891,0.774805186,0.792680217,0.807473164,0.821323184,0.833610965,0.844721291,0.855224608,0.864722629,0.873499945,0.88158661,0.889210925,0.896158219,0.902370536,0.907897828,0.912774267,0.917162293,0.92134159,0.925406267,0.929424909,0.933642436,0.937542598,0.940922038,0.943848097,0.946605759,0.949293351,0.952016042,0.954441367,0.956958863,0.959300445,0.961775722,0.964166125,0.966322654,0.968152099,0.969803604,0.971406644,0.973218902,0.974957537,0.976238065,0.977261136,0.97814172,0.979146544,0.980046246,0.981434949,0.982680332,0.984108405,0.985425011,0.986546131,0.987244283,0.987856057,0.988759049,0.989678048,0.990492872,0.991068232,0.991488296,0.991893347,0.992568316,0.993137681,0.993469338,0.993740371,0.993971632,0.994501923,0.994952782,0.995357999,0.995840987,0.996573759,0.997195371,0.997675854,0.99783918,0.997787976,0.997836683,0.997855205,0.997845972,0.997770126,0.997700179,0.997744603,0.998104492,0.998486018,0.999038353,0.999473649,0.99986557,1.000076642,1.000001385,0.999711881,0.999402018,0.999118378,0.998871457,0.99855472,0.998443816,0.998347031,0.998328181,0.998258697,0.99784278,0.998304155,0.998560464,0.999045308,0.999346681,0.999208757,0.998463298,0.997365252,0.996181369,0.9954413,0.994749835,0.994266722,0.993782585,0.993656728,0.993396182,0.992828385,0.991988543,0.991106929,0.990301803,0.989755421,0.989099977,0.988460284,0.987958509,0.987450173,0.986957012,0.985896219,0.98506906,0.983862439,0.982617839,0.981337368,0.980185187,0.979127741,0.978001499,0.976833469,0.975825637,0.974779416,0.973480387,0.971912935,0.970300795,0.968494825,0.966495531,0.964408313,0.96214836,0.959912267,0.957656382,0.955381448,0.953093744,0.950765109,0.948357232,0.945872512,0.943045071,0.939632618,0.935694595,0.93129162,0.926848374,0.922255263,0.917239897,0.911893478,0.906439564,0.900692597,0.894565349,0.88793682,0.880762776,0.872979427,0.864481161,0.855014866,0.844731035,0.833918576,0.821349805,0.806463191,0.790106333,0.771032081,0.749775162,0.727060024,0.701407686,0.665636748,0.617353,0.583253937,0.565480017,0.468461616,0.371778583
3,0.5679,0.5803,0.6055,0.6313,0.660543788,0.6904,0.716161678,0.7387,0.759914375,0.779683995,0.7969,0.811368516,0.8246,0.836799037,0.847645508,0.8578,0.867358286,0.876044422,0.883961415,0.891212272,0.8979,0.903915535,0.909198008,0.913922712,0.918264944,0.9224,0.926602345,0.930887157,0.935040796,0.938849623,0.9421,0.94492895,0.947634924,0.950246423,0.952791948,0.9553,0.957832664,0.960379413,0.96285983,0.965193498,0.9673,0.969134376,0.970763792,0.97227602,0.973758832,0.9753,0.976714041,0.977842599,0.978814137,0.979757116,0.9808,0.982034281,0.983384056,0.984726689,0.985939548,0.9869,0.987767244,0.988733688,0.989726511,0.990672889,0.9915,0.992129897,0.992589847,0.992964848,0.993339899,0.9938,0.994207748,0.994442095,0.994612567,0.994828693,0.9952,0.995798575,0.996533238,0.997268613,0.997869325,0.9982,0.998304697,0.998333454,0.998309863,0.998257514,0.9982,0.998149728,0.998131862,0.998189133,0.998364269,0.9987,0.999155304,0.999601587,0.999950217,1.000112565,1,0.999701768,0.999384781,0.99907691,0.998806027,0.9986,0.998508857,0.998539741,0.998656196,0.998821767,0.999,0.999278415,0.999664351,1.00000108,1.000131872,0.9999,0.999208613,0.998200375,0.997077832,0.996043525,0.9953,0.994943217,0.994806395,0.994697964,0.994426356,0.9938,0.992899633,0.991972001,0.991074553,0.990264737,0.9896,0.989058591,0.98854743,0.988016974,0.987417678,0.9867,0.985753555,0.984584726,0.983319119,0.982082342,0.981,0.979995423,0.978918176,0.977783217,0.976605505,0.9754,0.974134151,0.972739751,0.971178275,0.9694112,0.9674,0.965236838,0.963041838,0.960818419,0.95857,0.9563,0.954005834,0.951661083,0.949233415,0.946690498,0.944,0.940842143,0.937028506,0.932723799,0.928092728,0.9233,0.918377278,0.913222217,0.907798518,0.902069879,0.896,0.889539306,0.882585038,0.875021117,0.866731463,0.8576,0.847834617,0.837107718,0.8245,0.809810316,0.7935,0.775046605,0.754301539,0.7319,0.706570464,0.6713,0.624495563,0.5901,0.57014,0.47498,0.37982
3.25,0.575811295,0.588187963,0.613319761,0.638486036,0.667346465,0.696275981,0.721512642,0.743489548,0.764554615,0.783919347,0.800760169,0.814860245,0.82755227,0.839317094,0.849840574,0.859941906,0.869460254,0.878105423,0.8858918,0.892947295,0.899423858,0.905200939,0.910263171,0.914876982,0.919229619,0.923255755,0.927349804,0.931455579,0.935669229,0.939559002,0.942951549,0.945660234,0.948227266,0.950791507,0.953280319,0.955735218,0.95827278,0.960836338,0.96329264,0.9656519,0.967788802,0.969566263,0.971090127,0.972519462,0.973872059,0.975279307,0.976645931,0.977780778,0.978778368,0.979979681,0.981214885,0.982235939,0.983336575,0.9846442,0.985839982,0.986827105,0.98780753,0.9888983,0.989977627,0.991044845,0.991973596,0.992586595,0.992981804,0.993332773,0.993639413,0.994026178,0.994358147,0.994495575,0.994583761,0.994905813,0.995332325,0.995951425,0.996592515,0.997384799,0.998054222,0.998422424,0.998489943,0.998461403,0.998398167,0.998350294,0.99815836,0.998272218,0.998280225,0.998337818,0.998488461,0.998806273,0.999238165,0.999591069,0.999930622,1.000091535,0.999998866,0.999549243,0.999161733,0.998859562,0.998583983,0.998379617,0.998383315,0.998576567,0.998863834,0.999287091,0.999686212,0.999769102,0.999823016,1.000098844,1.000190828,0.999931801,0.999190195,0.998112892,0.996944491,0.996150811,0.995493623,0.9952763,0.9951103,0.995138719,0.995018815,0.994561814,0.993539648,0.992494156,0.991513976,0.990590724,0.989801728,0.989198098,0.988670829,0.988129449,0.987562284,0.986756595,0.985671124,0.984469386,0.983261788,0.982298748,0.981327895,0.980281402,0.979199842,0.978067381,0.976968793,0.975864141,0.974501248,0.973038849,0.971516696,0.969798737,0.967897626,0.965924769,0.963766655,0.961558828,0.959324578,0.957045278,0.954719947,0.952347996,0.949891559,0.947287435,0.94440183,0.941168501,0.937364601,0.933091027,0.928740762,0.924250837,0.919225001,0.914005818,0.908651176,0.903001331,0.897005798,0.890684228,0.883932581,0.876575012,0.868532463,0.859780442,0.849803247,0.839278876,0.827114126,0.812837045,0.796785214,0.778671247,0.758335257,0.736483734,0.711376571,0.676950709,0.629964268,0.596853305,0.574458046,0.481582649,0.387894146
3.5,0.583825335,0.596238904,0.620793763,0.64530616,0.673591529,0.701617931,0.726380911,0.747960508,0.768665352,0.787543644,0.804310529,0.817950272,0.830175809,0.841389641,0.85188156,0.861712224,0.871020865,0.879693489,0.887471619,0.894387127,0.900683495,0.906281668,0.91122674,0.915841711,0.919935149,0.923916826,0.927990395,0.932056551,0.935978315,0.939953726,0.943518276,0.946371947,0.948660506,0.950992349,0.953438927,0.955866674,0.958355256,0.960876129,0.963396788,0.965787725,0.967903474,0.969665268,0.97114638,0.972434529,0.97370603,0.975023475,0.976279153,0.97738247,0.978728855,0.980098831,0.981307893,0.982300973,0.983181221,0.984142134,0.985349522,0.986417727,0.987463417,0.988623347,0.989848213,0.991011087,0.991976788,0.992638362,0.993046724,0.993288153,0.993570756,0.993928143,0.994176795,0.994258195,0.994601313,0.994945424,0.995379143,0.996014968,0.996735109,0.997304884,0.99799405,0.998396695,0.998445425,0.998402398,0.99834932,0.997963069,0.997815193,0.998020982,0.998296435,0.998397447,0.998534328,0.998833828,0.999258597,0.99964396,0.999871464,1.000046579,0.999999112,0.999576353,0.998910622,0.998459483,0.998197952,0.998020865,0.998063347,0.998352379,0.998868708,0.999489177,0.999902222,1.000003724,0.999893496,0.999672496,0.999713221,0.999466678,0.998653374,0.997555253,0.996821747,0.995988541,0.995386868,0.995253551,0.995373404,0.995304366,0.995333344,0.995073163,0.994196639,0.992839036,0.99165382,0.990639469,0.989750034,0.989046751,0.988457228,0.987893448,0.987160373,0.986247116,0.985123691,0.984009219,0.983163619,0.982251569,0.981251696,0.980200307,0.9791511,0.978173529,0.977218477,0.976144933,0.974787689,0.973201474,0.971550453,0.969873841,0.968071207,0.966224954,0.964317431,0.962153396,0.959908419,0.957602531,0.955245742,0.952840286,0.95026717,0.9473758,0.944385093,0.941080369,0.937305056,0.933483189,0.929537589,0.925140639,0.920170244,0.914738758,0.909198701,0.903611322,0.897701389,0.891472345,0.884855822,0.877721464,0.870164323,0.861623512,0.85182894,0.841001884,0.829355269,0.815784288,0.799989874,0.782148106,0.76245084,0.740908714,0.716546078,0.682654444,0.637228766,0.603903641,0.579310339,0.488302589,0.3959897
3.75,0.591751707,0.604220393,0.627995883,0.651873204,0.679252365,0.706650915,0.730804482,0.752176214,0.772332714,0.79117037,0.807580624,0.820882207,0.832561443,0.843429143,0.853626925,0.863251431,0.872323318,0.880789381,0.88858808,0.895540816,0.901676384,0.907129338,0.912046995,0.916379588,0.920440496,0.924419483,0.928453224,0.932496413,0.936471515,0.940246008,0.943900866,0.946908205,0.949305867,0.951362544,0.953531894,0.955914792,0.958359759,0.960895104,0.96339457,0.965750688,0.967841408,0.969584961,0.971053477,0.97233568,0.97350723,0.974730905,0.975916285,0.977276149,0.978668716,0.979996995,0.981171954,0.982145322,0.982998285,0.983819412,0.984738946,0.985849485,0.986962816,0.98821714,0.989483548,0.990668755,0.991666586,0.992377001,0.992857828,0.99319392,0.99342183,0.993741037,0.993959363,0.994293541,0.99459694,0.994953596,0.995411389,0.996031925,0.996736132,0.997397558,0.997858586,0.998247619,0.998299616,0.998197292,0.997752593,0.997406735,0.99736443,0.997628966,0.997988462,0.998348591,0.998581308,0.998844469,0.999224446,0.999589809,0.999893849,1.000017196,0.999999802,0.999644251,0.999014565,0.998309512,0.997864172,0.997701681,0.997783552,0.998191162,0.998776656,0.99936447,0.99976712,0.999881896,0.999781422,0.99949908,0.999090898,0.998793217,0.997986742,0.997270803,0.99639827,0.995636457,0.995136679,0.995033007,0.995198746,0.99544014,0.995455935,0.99534793,0.994664949,0.993424302,0.991891098,0.990594778,0.989598323,0.988794008,0.988051522,0.9872089,0.986399335,0.98551408,0.984517539,0.983705391,0.982811858,0.981902666,0.980949649,0.979971492,0.979083319,0.978218807,0.977306249,0.976253259,0.974915383,0.973337402,0.971630479,0.969860943,0.968084184,0.966277638,0.964440598,0.962509595,0.960320434,0.957983519,0.955588952,0.95299991,0.950114498,0.947160744,0.944175809,0.940923931,0.937598231,0.934158168,0.930333991,0.926010121,0.921120196,0.915728664,0.909978225,0.904152262,0.898296285,0.892147378,0.885725609,0.879033702,0.871656463,0.863279826,0.853682501,0.842995576,0.831468778,0.818479826,0.803174597,0.785792805,0.766391508,0.745279337,0.721913287,0.688480957,0.646342078,0.611227156,0.584697462,0.494951234,0.404060405
4,0.5994,0.6119,0.635,0.6583,0.68495255,0.7116,0.735173481,0.7562,0.776077198,0.794557709,0.8106,0.823612063,0.8348,0.845334516,0.855294977,0.8647,0.87355504,0.88181291,0.889413259,0.896295739,0.9024,0.907738488,0.912477424,0.916787115,0.920837871,0.9248,0.928803476,0.932816924,0.936768634,0.940586896,0.9442,0.94729466,0.949776035,0.95190008,0.95392275,0.9561,0.958511264,0.960993961,0.963441026,0.965745394,0.9678,0.969529943,0.970988985,0.972263057,0.973438085,0.9746,0.97584679,0.977171569,0.978502953,0.979769558,0.9809,0.981849204,0.982677333,0.98347086,0.984316258,0.9853,0.986461412,0.987722151,0.988992184,0.990181478,0.9912,0.991982679,0.992564285,0.993004553,0.993363213,0.9937,0.994022291,0.994323961,0.994644485,0.99502334,0.9955,0.996092886,0.996736191,0.997343053,0.99782661,0.9981,0.998035252,0.997694534,0.997276189,0.996978563,0.997,0.997306092,0.997697775,0.998126413,0.998543367,0.9989,0.999230202,0.999562293,0.999839284,1.000004183,1,0.999695899,0.999120962,0.998458076,0.997890127,0.9976,0.997689506,0.99804882,0.998543382,0.99903863,0.9994,0.999522619,0.999420363,0.999136798,0.998715489,0.9982,0.99754492,0.996760428,0.995973476,0.995311016,0.9949,0.994822101,0.994977875,0.995222598,0.995411547,0.9954,0.994848962,0.993702931,0.992242419,0.990747937,0.9895,0.98848929,0.987521265,0.986598594,0.985723949,0.9849,0.984081531,0.983229846,0.982357396,0.98147663,0.9806,0.979768969,0.978975403,0.978157352,0.977252867,0.9762,0.97491509,0.973398521,0.971714406,0.969926861,0.9681,0.966290291,0.964465049,0.962554662,0.960489517,0.9582,0.955636195,0.952850473,0.949926654,0.946948556,0.944,0.941086078,0.938061248,0.93478338,0.931110341,0.9269,0.922059705,0.916694758,0.910959959,0.905010106,0.899,0.893027359,0.886904438,0.880357838,0.873114158,0.8649,0.855515963,0.845058946,0.8337,0.82110148,0.8064,0.789373135,0.77038548,0.7497,0.726559229,0.6945,0.653179399,0.6188,0.59062,0.50134,0.41206
4.25,0.60661354,0.619097622,0.641791948,0.664728969,0.690587709,0.716636209,0.739635929,0.760076143,0.779402656,0.797583226,0.813405056,0.82605929,0.836944629,0.84729319,0.857008273,0.866173447,0.874834683,0.882922928,0.890350754,0.897009519,0.902872376,0.908168047,0.912949483,0.917197391,0.921178575,0.925098929,0.929099671,0.933113064,0.937062106,0.940853895,0.944499577,0.947507486,0.949924073,0.952002729,0.954222776,0.956584137,0.95888883,0.961260859,0.96366021,0.965921602,0.967931505,0.969626799,0.971063991,0.972320468,0.973534599,0.974776712,0.97581477,0.976993564,0.978274309,0.97949689,0.980578545,0.981467658,0.982234819,0.982975315,0.983870821,0.984910524,0.985978095,0.987156413,0.988445221,0.989661289,0.990713569,0.991561668,0.992232914,0.992769881,0.993322372,0.993978384,0.994257636,0.994603596,0.994908091,0.995264576,0.995695024,0.996238837,0.996850841,0.997419595,0.997782203,0.998050214,0.997995579,0.997786845,0.997309853,0.996937377,0.99686897,0.997218417,0.997661911,0.998138864,0.998630981,0.999044151,0.999384311,0.999719886,0.999994036,1.000078477,0.999998663,0.999654233,0.99904601,0.998363147,0.997948041,0.997842969,0.997659807,0.997781387,0.998198189,0.998627029,0.998912247,0.998972442,0.998834431,0.998522591,0.998176109,0.997906313,0.997234191,0.99659644,0.995839134,0.995195702,0.994800537,0.994761158,0.994972164,0.995261621,0.995360665,0.995253349,0.994569347,0.993345357,0.99183159,0.990582441,0.989572642,0.988559548,0.987570079,0.986569229,0.985610842,0.984664321,0.983746188,0.982931148,0.982077083,0.981212501,0.980346385,0.979561115,0.978826419,0.978028959,0.97709325,0.976007288,0.974855324,0.973463067,0.971830755,0.970053884,0.968245351,0.966483811,0.964699263,0.962822109,0.960689779,0.958272997,0.955738,0.952986007,0.95002291,0.947000408,0.944031626,0.941326871,0.93843464,0.935355532,0.931886346,0.927835712,0.923033935,0.917650958,0.91190326,0.906014711,0.899967452,0.894040082,0.887909269,0.881576723,0.874565638,0.866601344,0.857464516,0.847249921,0.836238888,0.824024918,0.809729354,0.793114502,0.774558565,0.75424444,0.731023136,0.700423478,0.659157248,0.626350339,0.596141389,0.507687291,0.420061798
4.5,0.613448658,0.625842469,0.648332119,0.671149636,0.69640796,0.721714399,0.744136322,0.763820779,0.782858453,0.800389727,0.816059619,0.828521068,0.839015383,0.849187489,0.858754166,0.86768745,0.87614341,0.884031317,0.891149697,0.897463624,0.903196531,0.908389183,0.913139257,0.917536553,0.921488645,0.92537394,0.929374006,0.933381281,0.937309579,0.941256626,0.944816238,0.947694898,0.95004428,0.952475852,0.954940751,0.957288805,0.959561806,0.961790643,0.964025702,0.966236666,0.968207629,0.969853792,0.971259594,0.97259704,0.973973096,0.975188506,0.976170068,0.977025213,0.978063558,0.979229052,0.980268439,0.981086502,0.981802895,0.982672986,0.983655069,0.984675629,0.9857166,0.986779131,0.987918318,0.989159779,0.990261961,0.991149519,0.991891199,0.992691632,0.993717511,0.994490313,0.994815079,0.994958274,0.995288891,0.995603393,0.995962958,0.996456058,0.997008762,0.997394588,0.997824122,0.998080859,0.998005567,0.997739614,0.997519238,0.997102897,0.99694054,0.997221534,0.997766841,0.998295454,0.998811399,0.999244159,0.999607658,0.999946702,1.000096441,1.000117094,0.999996796,0.999588995,0.998955816,0.998556088,0.998407398,0.998339866,0.998145914,0.997809301,0.997826953,0.998165192,0.998384425,0.998354036,0.998158782,0.997996029,0.998046125,0.997857067,0.997230501,0.996410568,0.995841513,0.995225833,0.99482904,0.994832591,0.995067745,0.995159138,0.995219162,0.994971916,0.994112932,0.992806955,0.991717285,0.990758838,0.989780873,0.988781341,0.987777052,0.986797474,0.98577859,0.984736953,0.983699778,0.982739062,0.981910795,0.981058537,0.980196059,0.979422301,0.978688359,0.977812968,0.976800524,0.975733193,0.97462107,0.973421725,0.971970994,0.970260009,0.968499221,0.966801531,0.965057476,0.963032581,0.960677339,0.958256513,0.955744018,0.953056662,0.950233034,0.947219966,0.944259735,0.941599007,0.939037395,0.936014922,0.932693743,0.928781583,0.924047546,0.918716458,0.913138364,0.907162718,0.901151912,0.895277858,0.889281515,0.882824713,0.876044247,0.868367942,0.859485709,0.849654807,0.839006841,0.826947833,0.813103996,0.79675101,0.778696309,0.758813024,0.735977152,0.706040717,0.666789371,0.633636345,0.600859931,0.51426681,0.428136173
4.75,0.620034446,0.632216081,0.654656231,0.677445485,0.702197836,0.72673539,0.748429586,0.767455026,0.785937062,0.80341095,0.818634372,0.830947287,0.841053446,0.850911078,0.860488246,0.869232727,0.877465401,0.884967269,0.891709688,0.897872631,0.903497421,0.908596513,0.913280087,0.917663753,0.921802316,0.92568698,0.929677319,0.933721091,0.937843621,0.941712474,0.94514978,0.947950571,0.950648457,0.953280055,0.955751821,0.95807407,0.960323726,0.962515462,0.964609688,0.966638156,0.968554938,0.97016026,0.971671471,0.973180684,0.974539306,0.975706046,0.976662181,0.977458005,0.978180711,0.979049149,0.980024113,0.980795888,0.981653138,0.982588768,0.983557055,0.984552919,0.985571839,0.98660593,0.987655755,0.988749285,0.989879372,0.990819016,0.991854848,0.993093253,0.994242318,0.995082086,0.995492335,0.995648856,0.995711924,0.995950178,0.996249413,0.996664168,0.997051892,0.997525861,0.997926908,0.998146075,0.998081483,0.997827523,0.99752024,0.997324762,0.997141841,0.997358803,0.997844886,0.998456412,0.999002241,0.999447087,0.999816892,1.000049775,1.000172745,1.00015877,0.99999653,0.999564537,0.999239936,0.999084118,0.998988848,0.998941831,0.998780791,0.998398982,0.997931983,0.997774751,0.997889391,0.997781418,0.997770621,0.997974143,0.998084806,0.997929288,0.997398309,0.996634825,0.995824966,0.995309957,0.994943024,0.994950903,0.994986291,0.995065822,0.995014773,0.994629524,0.993680455,0.99276782,0.991906766,0.991003657,0.990048668,0.989069142,0.988074525,0.987055835,0.986039624,0.984966108,0.983878946,0.982836628,0.981845667,0.980976899,0.980122704,0.979342323,0.978470954,0.977493772,0.976483732,0.975442501,0.97435562,0.973209065,0.971965446,0.970495327,0.96880348,0.967149483,0.96522776,0.962990445,0.960612551,0.958211773,0.955727,0.953083393,0.950352699,0.947539246,0.944632976,0.941982818,0.93945266,0.936757704,0.933492626,0.929686663,0.92505742,0.919940026,0.91430145,0.908399966,0.902460415,0.896608801,0.890663592,0.884424063,0.877589463,0.870150569,0.861586547,0.852401635,0.841846373,0.829805131,0.816401639,0.800629564,0.782551668,0.763250097,0.741183087,0.711537597,0.674396908,0.640679178,0.605578507,0.520972925,0.436232462
5,0.6265,0.6383,0.6608,0.6835,0.707643606,0.7316,0.752537365,0.771,0.788898234,0.806063333,0.8212,0.833180929,0.8431,0.852702063,0.862081702,0.8708,0.878677208,0.885866038,0.892426263,0.898417659,0.9039,0.908935716,0.913597862,0.91796215,0.922104292,0.9261,0.930154328,0.934301711,0.93836193,0.942154765,0.9455,0.948485348,0.951314411,0.9539808,0.956478126,0.9588,0.961006731,0.963145771,0.965191445,0.96711808,0.9689,0.970584386,0.972203952,0.973711326,0.975059132,0.9762,0.977108618,0.977847927,0.978502926,0.979158617,0.9799,0.980740563,0.981630615,0.982560384,0.983520103,0.9845,0.985492225,0.9864966,0.987514861,0.988548749,0.9896,0.990794313,0.992150323,0.993509177,0.99471202,0.9956,0.996087195,0.99628447,0.996328147,0.996354549,0.9965,0.996826016,0.997245549,0.997672073,0.998019065,0.9982,0.998158869,0.997961731,0.997705157,0.997485723,0.9974,0.997577771,0.998005324,0.998563992,0.999135106,0.9996,0.999924575,1.000143051,1.00023924,1.000196953,1,0.999768929,0.999622405,0.999541416,0.999506951,0.9995,0.999310754,0.998851699,0.998287267,0.99778189,0.9975,0.997523942,0.99773023,0.997974547,0.998112576,0.998,0.997544286,0.996860039,0.996113649,0.995471506,0.9951,0.995019593,0.995043648,0.995027907,0.994828111,0.9943,0.993563731,0.992819618,0.992043639,0.991211774,0.9903,0.989331106,0.988341001,0.987325342,0.986279789,0.9852,0.984102985,0.983022978,0.981981479,0.980999987,0.9801,0.979210707,0.978258604,0.977261147,0.976235793,0.9752,0.974160215,0.973078878,0.971907434,0.970597326,0.9691,0.967313702,0.965233652,0.96295675,0.960579898,0.9582,0.955773147,0.953214387,0.950559053,0.947842479,0.9451,0.942481798,0.93995378,0.937274863,0.934203964,0.9305,0.926031656,0.920947996,0.915428508,0.90965268,0.9038,0.89798785,0.892085081,0.885898388,0.879234463,0.8719,0.863914375,0.855018196,0.8446,0.832644339,0.8195,0.804217702,0.786531213,0.7674,0.74589372,0.7171,0.68081974,0.6475,0.6111,0.5277,0.4443
5.25,0.632946025,0.644321805,0.666793666,0.689281014,0.71287889,0.736275803,0.756628438,0.774503278,0.791873688,0.808710395,0.823750565,0.835370056,0.845177831,0.854643398,0.863866588,0.872377796,0.880112613,0.887085695,0.893430173,0.899205822,0.904503015,0.909518913,0.914178669,0.918540567,0.922680319,0.926655505,0.930585778,0.934715176,0.93875741,0.942532261,0.945863532,0.948893041,0.951778043,0.954498088,0.95704679,0.959369862,0.961511127,0.963577407,0.965559491,0.967431704,0.969184402,0.970833897,0.972483521,0.974020951,0.975398815,0.976566245,0.977402698,0.978045128,0.978603248,0.979162061,0.97992907,0.980724345,0.981614978,0.98254533,0.98350563,0.984481092,0.985441501,0.986410828,0.987394042,0.988392883,0.989444537,0.990827895,0.992351857,0.993821929,0.995079257,0.995941974,0.996452676,0.996665263,0.996675567,0.996619908,0.996676078,0.996929175,0.997321782,0.997721381,0.998041447,0.998206146,0.998198236,0.998039271,0.997820872,0.997639611,0.997659069,0.997823185,0.998226515,0.99876096,0.999307852,0.999663722,0.999986548,1.000188452,1.000268068,1.000209208,1.000007084,0.999863053,0.999813874,0.999823441,0.999872743,0.999901014,0.999558132,0.998943028,0.998222547,0.997561121,0.997260431,0.997210869,0.997491387,0.997809934,0.998022194,0.997970457,0.997528814,0.996859792,0.996128627,0.995501708,0.995270508,0.995189035,0.995168847,0.995057341,0.994710259,0.994038684,0.993407277,0.992768511,0.992089299,0.991345622,0.99048541,0.989448931,0.988450299,0.987427665,0.986376686,0.985318284,0.984247615,0.983141611,0.982066436,0.98104359,0.980105983,0.979216225,0.978224652,0.977187726,0.976122902,0.975057099,0.97408963,0.973100866,0.972021995,0.97080446,0.969347018,0.967469545,0.965313596,0.962995404,0.96061187,0.958261691,0.955958124,0.953502323,0.95093733,0.948298477,0.945618335,0.943058343,0.940590892,0.937972542,0.93496221,0.931187202,0.926896146,0.921920617,0.916509259,0.910841562,0.90509355,0.899369049,0.89355145,0.887449925,0.88087117,0.87357786,0.865792217,0.857225488,0.847126175,0.835320084,0.82238134,0.807380775,0.790006042,0.771243606,0.750212908,0.722589067,0.687111877,0.654115917,0.617116185,0.534412978,0.452358341
5.5,0.639372765,0.650430192,0.672645564,0.694841367,0.717942326,0.740799703,0.760645018,0.77799185,0.794926931,0.811395232,0.826235497,0.837564734,0.847273935,0.856638858,0.865711628,0.873956324,0.881587824,0.888450666,0.894579942,0.900140388,0.905300376,0.910269212,0.914926364,0.919285659,0.923362344,0.927337274,0.931053955,0.935094557,0.939132904,0.942903868,0.946236306,0.949282352,0.952214156,0.954978722,0.957583967,0.959796119,0.96195608,0.96391091,0.965834286,0.96765696,0.969404958,0.971012127,0.97260525,0.974185017,0.975605217,0.976801503,0.977604363,0.978150122,0.978611572,0.97916012,0.980091405,0.980743759,0.981643206,0.982569822,0.983526386,0.98448689,0.985422766,0.986360634,0.98731239,0.988266004,0.989398314,0.990885624,0.992541528,0.994086809,0.995356693,0.996124751,0.996675939,0.996864163,0.996860436,0.996742061,0.996781931,0.996994832,0.99728527,0.997676703,0.997988603,0.998165507,0.998173434,0.998037268,0.997841668,0.997773788,0.997909012,0.998082217,0.998473696,0.998996289,0.999453698,0.999645263,1.000020693,1.000195005,1.000266589,1.000199696,1.000015512,0.999924919,0.999961957,1.000050951,1.00019042,1.000145854,0.999666184,0.998902506,0.99803345,0.997338802,0.997153186,0.996904915,0.997139843,0.997544582,0.997843032,0.997838838,0.997394555,0.996717069,0.99597744,0.995504652,0.995450467,0.995349273,0.99527843,0.995064747,0.994548321,0.993845338,0.993292998,0.992746615,0.992151209,0.991474576,0.990613487,0.989508015,0.988415303,0.987384579,0.986327062,0.985319056,0.984371182,0.983239675,0.982140199,0.981085374,0.980134672,0.979261772,0.978280517,0.977201445,0.976094476,0.975011691,0.97408321,0.973184131,0.972194945,0.971015393,0.969545936,0.967620313,0.965405147,0.963062344,0.96068674,0.958390263,0.956166316,0.953851883,0.95136924,0.948800118,0.946172982,0.943679911,0.941292687,0.938754565,0.935677726,0.931761726,0.927673585,0.922873574,0.917557145,0.911984376,0.906327334,0.900702792,0.894983785,0.888980853,0.882415051,0.875183444,0.867402081,0.85918291,0.849410202,0.837743906,0.825116477,0.810323892,0.793232478,0.774879507,0.754282145,0.727755507,0.693539633,0.660527827,0.62281351,0.541137503,0.460452062
5.75,0.645758616,0.656588377,0.678358551,0.700192056,0.722835812,0.745176514,0.764588774,0.781455959,0.798019442,0.814077259,0.828658528,0.839742982,0.849375806,0.858649854,0.86748691,0.875528829,0.883017919,0.889883616,0.895863973,0.901219932,0.906259786,0.91117185,0.915820388,0.920139023,0.924148409,0.928119167,0.931680042,0.93549865,0.939497664,0.943279395,0.946617061,0.94967065,0.95263594,0.955442546,0.958008889,0.960102637,0.962300759,0.964197975,0.966043864,0.96782643,0.969571077,0.971189711,0.972654267,0.974229946,0.975702916,0.976927706,0.977710731,0.978168253,0.978587296,0.979321564,0.980362109,0.980889161,0.981700103,0.982625428,0.983572505,0.984514704,0.985428307,0.986339183,0.987255361,0.988214368,0.989442487,0.990992881,0.992733791,0.99431028,0.995481092,0.996172865,0.996767856,0.996964661,0.996936694,0.996787138,0.996827553,0.997060816,0.997217989,0.997565954,0.997890968,0.998088449,0.998107468,0.99797793,0.997842524,0.997966383,0.99814583,0.998332116,0.998726726,0.999205411,0.999465517,0.999560963,0.999979982,1.000184051,1.000246052,1.000182992,1.000024188,0.999976093,1.000083139,1.000248605,1.000415589,1.000257168,0.999662732,0.9987596,0.997817747,0.997277746,0.997158607,0.996800372,0.996775097,0.997198615,0.99759009,0.997627548,0.997176914,0.996468208,0.995792125,0.995635228,0.995635456,0.995505228,0.995374647,0.995042099,0.994374194,0.993710416,0.993222119,0.992752327,0.992221795,0.991567298,0.990695281,0.989577696,0.988339071,0.98725256,0.986194436,0.985228194,0.984405491,0.983330129,0.982211935,0.981137919,0.980183721,0.9793065,0.978383412,0.977291639,0.97614315,0.975048292,0.97414717,0.973328297,0.972392872,0.971184764,0.969703373,0.967748264,0.965496445,0.963146936,0.96081796,0.95857633,0.956387387,0.954219638,0.951838356,0.949330498,0.946753795,0.944328884,0.942039671,0.939514642,0.936196866,0.932244392,0.928278263,0.923752272,0.918564639,0.913073176,0.907503469,0.901982005,0.896375094,0.890434008,0.883844864,0.876724033,0.868966718,0.860926562,0.851484872,0.839958842,0.827715959,0.81309825,0.796418372,0.778328625,0.758117447,0.732619548,0.699951182,0.666732571,0.628236866,0.547858997,0.468568033
6,0.652081975,0.662759573,0.683935486,0.705344078,0.727515986,0.749411049,0.768420806,0.784885845,0.801144863,0.816719712,0.83102339,0.841898414,0.85147094,0.860638406,0.869169009,0.87708855,0.884448861,0.891253462,0.89724416,0.902429228,0.907348947,0.912204239,0.916824957,0.921011525,0.92508164,0.928975042,0.932447498,0.935995809,0.93987512,0.943661643,0.947004538,0.950065669,0.953055592,0.95589524,0.95826656,0.960313276,0.962486781,0.964478734,0.966220007,0.96796028,0.969692167,0.971316221,0.97273647,0.974200735,0.975713493,0.976966789,0.977729978,0.978126568,0.978633506,0.979654746,0.980716285,0.981215681,0.981774272,0.982702737,0.983637952,0.984561846,0.985453176,0.98633799,0.987209901,0.988278565,0.989558213,0.991152849,0.992933038,0.99445579,0.995443323,0.99611085,0.996699291,0.997011299,0.996958364,0.996791974,0.996822939,0.997060772,0.997205143,0.997431168,0.997767279,0.997985336,0.998015448,0.997898423,0.997907836,0.998172534,0.99836552,0.998560888,0.998954244,0.999323144,0.999362474,0.999427164,0.999829215,1.000166781,1.000218329,1.000165444,1.00003202,1.000026423,1.000192724,1.00042386,1.00050234,1.000257601,0.999571047,0.998565031,0.997695481,0.997361819,0.997257037,0.996879702,0.996534629,0.996819124,0.997279885,0.997358996,0.996902011,0.996178348,0.995730742,0.995824478,0.995821056,0.995657375,0.995454841,0.994968897,0.994240513,0.993624372,0.993190573,0.992780286,0.992281422,0.991617474,0.990741839,0.989618111,0.988309104,0.987096811,0.986021928,0.985071573,0.984306766,0.983413974,0.982289515,0.98120613,0.980250782,0.979375813,0.978470562,0.977435865,0.976258348,0.975151416,0.974277654,0.973518619,0.972549775,0.97133295,0.969825948,0.967847973,0.965580147,0.963260987,0.961007532,0.958810502,0.956662093,0.954557606,0.952320647,0.949876899,0.94735063,0.944993879,0.942785493,0.940118992,0.936577854,0.932656021,0.928750942,0.924492628,0.919510668,0.914106444,0.908624071,0.903205685,0.897703682,0.891740729,0.885233941,0.878206909,0.87057679,0.862495573,0.853382977,0.842074133,0.830190332,0.815754354,0.799578821,0.781611882,0.761778039,0.737201421,0.706004524,0.672726994,0.633431143,0.554562882,0.476693126
6.25,0.658321237,0.668906995,0.689379225,0.710308429,0.731958945,0.753508121,0.772096337,0.78827175,0.804222876,0.819330252,0.833333815,0.844052283,0.853546833,0.862573599,0.870844287,0.878628731,0.885864986,0.892559776,0.89862864,0.903735976,0.908535561,0.913334081,0.917873557,0.921957088,0.926085793,0.929878757,0.933284265,0.936626472,0.940298263,0.944049354,0.947397477,0.95046615,0.953471142,0.95624462,0.958429469,0.9604519,0.962580907,0.96467164,0.966382936,0.968067919,0.969777638,0.971399135,0.97282952,0.974163144,0.975658882,0.976940684,0.977684037,0.978095803,0.978841664,0.980074636,0.981129035,0.98163215,0.981965948,0.98279614,0.983720037,0.984625626,0.985494683,0.986350061,0.987237771,0.988421693,0.989726651,0.991346685,0.993100645,0.994457573,0.995303918,0.995963241,0.996529527,0.996943577,0.996940523,0.996766563,0.996778083,0.997009283,0.997192877,0.997317611,0.997627902,0.997866536,0.997907739,0.997845332,0.998035562,0.998369783,0.998564085,0.998764533,0.99912427,0.999315556,0.999205605,0.999260208,0.999626468,1.00007471,1.000185142,1.000145956,1.000037913,1.000074814,1.000288814,1.000512717,1.000477419,1.000169803,0.999413778,0.998391791,0.997722842,0.99753545,0.997428818,0.997060548,0.996500604,0.996491182,0.996934826,0.997055589,0.996592254,0.995938657,0.995810668,0.996030626,0.996002848,0.995801295,0.995503882,0.994876044,0.994150081,0.993577661,0.993188814,0.992813071,0.992313167,0.991640993,0.990764211,0.989636198,0.988308612,0.986966974,0.985835414,0.984875071,0.984129673,0.983409876,0.982368853,0.981287661,0.98033351,0.979464374,0.97855051,0.97759169,0.976424584,0.975305579,0.974459177,0.97370776,0.972666671,0.97145296,0.969920282,0.967926059,0.965671352,0.963424575,0.961238977,0.959083392,0.95697714,0.954896454,0.952787528,0.950429177,0.947953343,0.945664751,0.943456313,0.940543783,0.936887322,0.933017434,0.929154045,0.92508066,0.920364668,0.915086294,0.909691257,0.904375947,0.89893636,0.892957686,0.88657791,0.879639355,0.87211765,0.863964274,0.855137306,0.844174213,0.832550147,0.818334652,0.802523128,0.7847502,0.76531993,0.741521356,0.711570872,0.678507939,0.638441231,0.561234579,0.484814211
6.5,0.664454801,0.674993857,0.694692626,0.715096106,0.736239006,0.757472544,0.775647218,0.791603915,0.807247889,0.821945207,0.835593534,0.846206008,0.855590979,0.864429076,0.872506235,0.880142614,0.887254813,0.893854929,0.899925188,0.905107879,0.90978733,0.914529079,0.918899534,0.923029621,0.927111646,0.930804172,0.934142731,0.937373475,0.940790687,0.944441266,0.947794617,0.950870833,0.95387453,0.956445664,0.958544227,0.960542372,0.96262688,0.964726944,0.966543348,0.968158756,0.969836898,0.97144643,0.972878472,0.974174749,0.975561017,0.976871324,0.977594841,0.978146832,0.97920738,0.980528202,0.981575462,0.982082296,0.982325693,0.982902905,0.983816072,0.984703356,0.98555014,0.986370795,0.987380558,0.988617531,0.989928956,0.991555546,0.993186542,0.994319552,0.995103453,0.995754573,0.996298703,0.996739477,0.99687869,0.9967209,0.996702981,0.996917552,0.997115539,0.997258039,0.997483203,0.997742412,0.997794708,0.99785499,0.998186539,0.998545905,0.998737522,0.998939052,0.99921574,0.999197685,0.99903192,0.999076435,0.999406903,0.999875808,1.000142523,1.000123435,1.000040773,1.000120172,1.00036209,1.000475793,1.000364266,1.000016421,0.999213572,0.998302759,0.997881291,0.997762776,0.997654295,0.997295089,0.996656152,0.996291884,0.99657732,0.996739736,0.996270049,0.995824506,0.995975013,0.996232966,0.996176412,0.995932567,0.995505311,0.994805773,0.994098983,0.993560737,0.993207296,0.992830981,0.992322978,0.991651376,0.990773447,0.989641149,0.988303828,0.986896185,0.985660771,0.984664562,0.983912698,0.983275778,0.982441176,0.981380164,0.980429556,0.979568601,0.978655577,0.977718467,0.976626374,0.975495295,0.974676253,0.973846461,0.97277491,0.971544729,0.969992993,0.967989142,0.965791864,0.963633041,0.96149975,0.959385609,0.957321517,0.955273823,0.953215737,0.950977188,0.948551787,0.946331356,0.943991396,0.940844061,0.937167396,0.933349453,0.929527754,0.925553017,0.921104878,0.916014844,0.910707142,0.90549491,0.900048882,0.894156236,0.887878732,0.881028653,0.873596087,0.865429708,0.85678065,0.846239287,0.834805949,0.820876395,0.805287373,0.787764503,0.768693543,0.745599583,0.716706953,0.684072249,0.643312021,0.56785951,0.492918159
6.75,0.670461063,0.680983375,0.699878546,0.719718104,0.740434973,0.76130913,0.779123895,0.794872581,0.810221262,0.824593211,0.83780628,0.848338009,0.857590873,0.866185438,0.874140349,0.88162344,0.888611583,0.895125891,0.901139789,0.906475956,0.911071957,0.915735913,0.919967592,0.924162452,0.928133056,0.931725145,0.934996756,0.93817401,0.941392206,0.944849741,0.9481947,0.951273287,0.954183546,0.956561054,0.958634696,0.960608556,0.962648565,0.964703034,0.966628328,0.968241397,0.969879356,0.971467514,0.972891988,0.974208695,0.975462247,0.976780643,0.977514255,0.978358372,0.979657753,0.980990549,0.982030669,0.982541222,0.982776261,0.983118697,0.983923823,0.984792348,0.985616089,0.986462948,0.987603395,0.988847238,0.990146287,0.991739599,0.99313802,0.994096193,0.994866463,0.995509381,0.996031354,0.996452247,0.996719481,0.996652873,0.996607627,0.996795575,0.996988191,0.997199299,0.997355145,0.997623331,0.99770088,0.997931057,0.998341419,0.998696901,0.998881833,0.999071833,0.999190597,0.999021913,0.998857759,0.998892186,0.999186864,0.999620784,1.000025156,1.000094081,1.000039506,1.00015514,1.000355079,1.000340691,1.000185529,0.999820102,0.999015976,0.998351717,0.998121613,0.99802414,0.997913808,0.997563667,0.996929811,0.996304065,0.996261867,0.996433842,0.99598754,0.995865341,0.996187749,0.996427078,0.996337328,0.996039193,0.995479629,0.99475862,0.994077671,0.993564054,0.993229889,0.992829358,0.992325462,0.99165967,0.990780594,0.989644011,0.988302421,0.98687375,0.985525559,0.984465924,0.983681717,0.983061827,0.982426869,0.981476585,0.980536575,0.979686146,0.978780781,0.977831658,0.976833153,0.975705081,0.974892437,0.973946711,0.972870723,0.971614875,0.970050701,0.96805424,0.9659551,0.963871091,0.961780463,0.959707768,0.957685834,0.955676908,0.95363283,0.95150366,0.94913582,0.946954818,0.944363735,0.941077412,0.937438896,0.933672898,0.929892888,0.925963882,0.921713201,0.916881084,0.911673842,0.906550071,0.901095945,0.895334167,0.889143687,0.882382084,0.875030869,0.866975328,0.858345801,0.848201993,0.836968288,0.823402004,0.80792591,0.790675712,0.771852963,0.74945633,0.721547821,0.689416767,0.648088403,0.574423096,0.500991841
7,0.676318419,0.686838761,0.704939844,0.724185422,0.744536783,0.765022692,0.782511937,0.79806799,0.813135516,0.827194421,0.839975785,0.850435618,0.859534011,0.867909348,0.87573416,0.883064452,0.889928538,0.896364977,0.902331222,0.907731276,0.912357142,0.916878362,0.921142426,0.925278775,0.929123884,0.932615535,0.935820197,0.938959648,0.942085036,0.945303709,0.948596464,0.951662547,0.954363139,0.956659337,0.958724739,0.960674313,0.962669823,0.964665607,0.966596761,0.968325308,0.969914419,0.971471795,0.972884592,0.97420552,0.975428685,0.976690573,0.977526772,0.978713291,0.98011266,0.981436778,0.98246976,0.982984031,0.983236717,0.983489508,0.984041025,0.984889911,0.985687793,0.986669101,0.987856929,0.98909197,0.990359799,0.991838196,0.992972058,0.993855464,0.994617483,0.995252198,0.995752015,0.99614678,0.996447998,0.99655072,0.996502016,0.996653346,0.996837216,0.997076443,0.997280623,0.997519659,0.997668096,0.998040072,0.998473924,0.998818769,0.998993016,0.999138892,0.999059748,0.998848775,0.998699464,0.998723804,0.99898269,0.999373438,0.999804183,1.000052177,1.000033017,1.00016688,1.000234921,1.00014843,0.999963855,0.999603494,0.998893358,0.998517724,0.998383456,0.998299883,0.998187701,0.997846625,0.997229166,0.996511516,0.996079427,0.996160317,0.99583218,0.996016339,0.996394666,0.996608542,0.996481178,0.996101151,0.995458665,0.994738316,0.994076601,0.993578068,0.993233693,0.992826415,0.992333452,0.991676926,0.990796703,0.989655835,0.988310815,0.986871996,0.985462178,0.984305034,0.983462607,0.982831492,0.982285599,0.981565585,0.98065222,0.979814665,0.978918894,0.977970502,0.976997581,0.97591945,0.975048765,0.974050831,0.972952379,0.971670018,0.970100025,0.968148494,0.966149741,0.9641207,0.962071729,0.960040478,0.958060702,0.956090132,0.954073329,0.951982579,0.949695297,0.947462533,0.944625203,0.941308405,0.937722643,0.93400859,0.93027027,0.92637359,0.922222175,0.917658085,0.912593475,0.907511357,0.90214693,0.896486395,0.890380058,0.883706931,0.876436108,0.868493687,0.859865549,0.850071179,0.839047711,0.825762124,0.810481225,0.793504749,0.774865241,0.753111829,0.72611994,0.694538336,0.652815266,0.580910758,0.509022128
7.25,0.682005265,0.692523232,0.709879376,0.728509055,0.748553343,0.768618045,0.785809967,0.801180383,0.81596947,0.829718117,0.842105781,0.85247483,0.861407888,0.869605743,0.877278363,0.884458891,0.891206899,0.897577204,0.903498309,0.908886232,0.913610589,0.918031914,0.922299948,0.926324307,0.930057426,0.9334492,0.936590542,0.939687062,0.942765066,0.945842365,0.948998651,0.951966375,0.954519463,0.95678237,0.958834275,0.960763506,0.962713454,0.964659412,0.966551974,0.968346209,0.969951498,0.971475726,0.972879282,0.974190967,0.975428958,0.976623048,0.977698363,0.979085017,0.980525019,0.981846902,0.982867836,0.983396058,0.983667729,0.983892116,0.984258776,0.984993358,0.985829005,0.986900242,0.98808673,0.989320432,0.990550652,0.991811681,0.992803575,0.993656722,0.994388482,0.995007559,0.995490831,0.995877973,0.996171569,0.996368176,0.996396142,0.996512661,0.99669959,0.996941877,0.997207186,0.99744176,0.997705717,0.998131667,0.998562182,0.99890369,0.999067072,0.999098042,0.998924056,0.998717634,0.998572872,0.998587628,0.998816445,0.99918447,0.999592491,0.999935579,1.000020213,1.000104442,1.000072771,0.99995351,0.999736165,0.999389244,0.998897095,0.998698447,0.998617893,0.998565568,0.998456318,0.998114246,0.997479906,0.996745374,0.996113498,0.995941567,0.995845483,0.996165852,0.996545405,0.996760507,0.996603542,0.996128536,0.995459261,0.994743891,0.994087155,0.993593231,0.993226313,0.992833807,0.992354252,0.991711134,0.990832822,0.989687155,0.98833678,0.986892605,0.985466028,0.984207767,0.983290049,0.982644438,0.982123664,0.98156927,0.980774144,0.979949915,0.979062024,0.978121512,0.977142039,0.976122918,0.975168198,0.974154227,0.973030085,0.971722034,0.970147585,0.96827866,0.966348366,0.964365455,0.962362614,0.960374351,0.958434449,0.956497259,0.954513838,0.952438383,0.950220071,0.94782432,0.944878843,0.941578239,0.938037393,0.934377351,0.930678636,0.926821035,0.922726688,0.918323638,0.913468155,0.908431487,0.903184682,0.89761245,0.891594414,0.885010476,0.877818692,0.869960774,0.861372685,0.851885875,0.841054765,0.827975552,0.812977419,0.796272538,0.777834157,0.756586309,0.730423006,0.699433799,0.657537502,0.587307919,0.516995891
7.5,0.6875,0.698,0.7147,0.7327,0.752507658,0.7721,0.789037032,0.8042,0.818700763,0.832147712,0.8442,0.854433995,0.8632,0.871239303,0.878763923,0.8858,0.892456406,0.898768593,0.904652577,0.910024374,0.9148,0.919167348,0.923338589,0.927266156,0.930902482,0.9342,0.937285934,0.940331092,0.943353283,0.946370316,0.9494,0.952240771,0.954731978,0.9569528,0.958982415,0.9609,0.962804325,0.96471142,0.966576352,0.96835419,0.97,0.97150374,0.972897435,0.97419926,0.975427391,0.9766,0.977899037,0.979380023,0.98087149,0.982201971,0.9832,0.983769346,0.984054463,0.984244906,0.984530233,0.9851,0.985989496,0.987062283,0.988250321,0.989485573,0.9907,0.991797495,0.992738882,0.993541521,0.994222774,0.9948,0.995287094,0.995684082,0.995987522,0.996193975,0.9963,0.996409287,0.996606264,0.996858597,0.997133954,0.9974,0.997730871,0.998159878,0.998593449,0.998938014,0.9991,0.999044874,0.998863213,0.998649115,0.998496678,0.9985,0.998720007,0.99908494,0.999489869,0.999829866,1,1.000015178,0.999953262,0.999803757,0.999556168,0.9992,0.998908745,0.998802982,0.998792846,0.998788474,0.9987,0.998320384,0.997637727,0.996854879,0.996174686,0.9958,0.995861635,0.996206085,0.996609717,0.9968489,0.9967,0.996172192,0.995493558,0.994768828,0.994102732,0.9936,0.993234097,0.992857661,0.992394175,0.991767127,0.9909,0.989747599,0.988390001,0.986938603,0.985504804,0.9842,0.983211099,0.982545105,0.982043561,0.981548012,0.9809,0.980085243,0.979204204,0.978270543,0.977297922,0.9763,0.975300344,0.974264253,0.97311799,0.971787818,0.9702,0.968405233,0.966525163,0.964592478,0.962639861,0.9607,0.958792464,0.956884496,0.954930297,0.952884065,0.9507,0.948172811,0.945204333,0.941909448,0.938403043,0.9348,0.931137517,0.92732823,0.923300185,0.918981426,0.9143,0.909350854,0.904196658,0.898717034,0.892791607,0.8863,0.879184889,0.871412993,0.8629,0.853681387,0.843,0.830161662,0.81543701,0.799,0.780801576,0.7599,0.734454395,0.7041,0.6623,0.5936,0.5249
7.75,0.69278789,0.703241384,0.719382065,0.736794488,0.756359426,0.775489489,0.792163547,0.807100348,0.82129621,0.834451935,0.846256176,0.856294219,0.864899057,0.872783614,0.880157803,0.887098824,0.893665139,0.899920071,0.905767796,0.911124331,0.915903956,0.92012903,0.924217184,0.928061664,0.931614903,0.934853003,0.937909058,0.940901727,0.943866977,0.946822617,0.949794618,0.952566112,0.954994084,0.957171466,0.959177435,0.961100274,0.962951796,0.964823708,0.966664689,0.968429809,0.970068236,0.971558406,0.972940942,0.974231609,0.97544858,0.976633011,0.97804645,0.979620261,0.981161687,0.982499261,0.983460328,0.984067095,0.984368745,0.984528333,0.984735414,0.985204856,0.986068708,0.987146457,0.988339458,0.989579673,0.990802697,0.991870045,0.992752617,0.993496442,0.99411888,0.994648893,0.995148433,0.995563743,0.995885507,0.996110282,0.996225804,0.996358114,0.996571181,0.996839605,0.997131051,0.997402999,0.99767776,0.998116421,0.998559646,0.998913865,0.999091106,0.99907817,0.998879884,0.998649161,0.9984801,0.998473273,0.998706092,0.99908339,0.999500684,0.999853045,0.999979238,0.999941655,0.999855827,0.999682411,0.99941091,0.999047697,0.998857789,0.998849438,0.998914249,0.998962357,0.998908317,0.998466014,0.99771596,0.996865714,0.996118124,0.995735742,0.995768323,0.996154215,0.99659929,0.996879915,0.996771799,0.996233454,0.995535748,0.994791946,0.994106778,0.99358917,0.993252756,0.992897199,0.992454593,0.991848425,0.991006976,0.989858322,0.9884935,0.987034878,0.985593854,0.984291195,0.98325044,0.982554547,0.982062719,0.981616498,0.981031431,0.980219383,0.979343412,0.978414821,0.977447268,0.976444412,0.975398059,0.9743485,0.973188769,0.971845128,0.970256368,0.968523261,0.96669269,0.964809503,0.962906385,0.961009897,0.959129131,0.957248982,0.955322601,0.953304188,0.9511289,0.948559409,0.945566888,0.942276683,0.938803677,0.935294737,0.931612825,0.927854815,0.923896034,0.91966453,0.915085914,0.910236125,0.905181198,0.899800844,0.893974686,0.887584639,0.880536315,0.872853044,0.86444025,0.855437738,0.844902204,0.832341269,0.81788105,0.8017056,0.783768785,0.763126946,0.738278389,0.708640292,0.667141931,0.599902468,0.532793195
8,0.697881689,0.708258982,0.723915057,0.740821842,0.760070904,0.778808537,0.795165568,0.809869719,0.823754637,0.83663207,0.848272507,0.858059217,0.866509797,0.874230478,0.881446769,0.888372755,0.894862119,0.901016518,0.906821693,0.912156672,0.916929686,0.920999949,0.924942312,0.928715921,0.932198288,0.935417632,0.938500981,0.941432904,0.944347388,0.94724781,0.950178713,0.952906153,0.955276976,0.957417002,0.959411489,0.961360461,0.963137749,0.96497525,0.966788679,0.968537479,0.97015708,0.971628685,0.972998083,0.974275611,0.9754848,0.97671497,0.978198712,0.979851504,0.981429043,0.982738622,0.98366371,0.984269097,0.984607708,0.984748154,0.984888705,0.985304629,0.986137902,0.987179805,0.988381706,0.98963082,0.990868996,0.991950865,0.992793932,0.993482576,0.994049833,0.994552966,0.995055488,0.995488607,0.995828178,0.996053487,0.996177349,0.9963457,0.996579953,0.996869562,0.997152437,0.997449262,0.997616067,0.998011232,0.998470914,0.998841589,0.999045396,0.999116325,0.998958702,0.998705679,0.998514317,0.998503842,0.998757273,0.999158215,0.999599154,0.999897377,0.999965033,0.999847159,0.999736172,0.999548984,0.999263712,0.998926075,0.998803869,0.998885283,0.999017392,0.999098261,0.999087002,0.9985868,0.997762621,0.99683825,0.996112893,0.995729671,0.995725426,0.99605517,0.996553556,0.996887492,0.996825368,0.996247777,0.995565928,0.994797967,0.994088639,0.993558914,0.993309898,0.992950266,0.9925355,0.99195717,0.991153243,0.99002658,0.988656398,0.987192416,0.985771927,0.984467276,0.983386622,0.982647732,0.982152476,0.981742443,0.981171603,0.980356992,0.979483554,0.978557494,0.977601931,0.976562167,0.975477054,0.974375767,0.973216301,0.971872927,0.970311365,0.968637872,0.966868495,0.965029262,0.963170097,0.96130396,0.959449186,0.957598205,0.955700992,0.953698526,0.951511712,0.948923901,0.94591573,0.942638596,0.939231548,0.93586061,0.932082481,0.928349051,0.924456227,0.920308667,0.915824992,0.911145155,0.906138471,0.900866403,0.895148531,0.888869032,0.881872568,0.874278753,0.865965777,0.857127003,0.84677529,0.834515895,0.820317949,0.804397963,0.78672085,0.766336188,0.741995317,0.713161545,0.672067163,0.606326173,0.540739065
8.25,0.702801023,0.713074932,0.728315539,0.744782697,0.76366855,0.782063604,0.798080237,0.812520533,0.8261017,0.838712654,0.85025342,0.859744166,0.868043749,0.875595338,0.882694693,0.889624561,0.896066968,0.902091905,0.907826215,0.913132527,0.917887861,0.921869429,0.925593875,0.929267655,0.932698,0.935904277,0.939028413,0.941942866,0.944805283,0.94765904,0.950554181,0.953245996,0.95557,0.957684075,0.959709332,0.961673904,0.963387902,0.965156532,0.96694064,0.968667753,0.970264784,0.971716228,0.973069815,0.974335078,0.975556127,0.97683977,0.978374877,0.980086137,0.981670735,0.982909412,0.983816474,0.984399331,0.984786142,0.984927495,0.985021025,0.985399154,0.986216363,0.987199478,0.988388297,0.989651004,0.990903154,0.992006052,0.992855438,0.993503241,0.994022617,0.994505785,0.995007959,0.995456441,0.995802382,0.996004675,0.996151997,0.996358608,0.996621023,0.996920249,0.997207692,0.997533981,0.997629022,0.997893531,0.998341838,0.998737007,0.998967416,0.999091694,0.999055305,0.99881224,0.998595377,0.998584116,0.99885987,0.999295259,0.999725327,0.999913678,0.999956655,0.99976954,0.999611108,0.999415707,0.999131863,0.998830487,0.998764696,0.998922473,0.999104775,0.999222632,0.999240639,0.998688275,0.997785443,0.996837615,0.996200144,0.995775321,0.995783018,0.995984926,0.996483886,0.996881938,0.99686406,0.996241946,0.995562313,0.994789224,0.994052247,0.993510753,0.993354087,0.993039318,0.992641144,0.992098825,0.991335988,0.990237652,0.988867527,0.9874167,0.986039604,0.984718811,0.983614686,0.98280322,0.982288137,0.981893211,0.981320451,0.980501638,0.979627548,0.978706761,0.977742269,0.976656228,0.975559973,0.974391077,0.973216545,0.971890583,0.970364973,0.968737684,0.967037805,0.965246368,0.963423878,0.961583968,0.95975478,0.957933892,0.956059271,0.954051598,0.951854978,0.949261439,0.946249396,0.943009293,0.939755708,0.936489714,0.9326393,0.928829978,0.924985708,0.920917856,0.91652264,0.912034214,0.907111031,0.901921159,0.896320814,0.890153719,0.883207742,0.875692123,0.867478747,0.858770909,0.848622495,0.836691656,0.822751258,0.807083252,0.789664042,0.769540454,0.745667446,0.717665873,0.677067629,0.612849612,0.548731758
8.5,0.707565521,0.717711372,0.732600076,0.748677687,0.7671567,0.785261145,0.800983548,0.815065211,0.828361908,0.840732555,0.852203342,0.861374428,0.869512445,0.876894163,0.883937893,0.890857007,0.89725211,0.903188475,0.908800369,0.91406217,0.918789154,0.922723665,0.926236489,0.929763021,0.933140508,0.936323328,0.939455688,0.942442667,0.945251949,0.948063537,0.950922915,0.953579106,0.955867063,0.957984588,0.960075533,0.962033948,0.963717908,0.965364255,0.9671136,0.968815139,0.970389601,0.971820883,0.973157447,0.974411883,0.9756725,0.977001305,0.978581671,0.980327369,0.981855259,0.983034035,0.983924947,0.984493098,0.984887531,0.985081525,0.985147766,0.985488265,0.986274519,0.987245878,0.988377555,0.989647564,0.99090943,0.992027391,0.992913433,0.993556021,0.994037713,0.994500917,0.995002742,0.99546044,0.995785124,0.99596999,0.996147113,0.996389347,0.996679266,0.996966609,0.997327853,0.997652349,0.997712133,0.997816031,0.998196318,0.998609251,0.998861714,0.999021407,0.999107094,0.998949513,0.998718549,0.998706503,0.999004579,0.999466557,0.999806681,0.999943097,0.999953377,0.999726052,0.999479483,0.999292588,0.999021401,0.998756286,0.99874691,0.998966124,0.999155017,0.999366187,0.999373815,0.998773875,0.997810588,0.996950714,0.996310761,0.995866228,0.995866076,0.996038674,0.996421406,0.996868213,0.996891227,0.996272141,0.995491436,0.994759834,0.994000991,0.993446208,0.993321077,0.993186529,0.992780272,0.99227414,0.991552392,0.990482384,0.989123128,0.987730511,0.986365574,0.985036368,0.983919692,0.983030214,0.982451562,0.982052592,0.981477912,0.980654896,0.979779412,0.978869627,0.977845607,0.976729556,0.975614772,0.974433439,0.973211593,0.971906819,0.970417178,0.968831491,0.967190163,0.9654539,0.963665384,0.961851703,0.960048099,0.958255142,0.956387781,0.954366276,0.952165238,0.949572513,0.946573392,0.943419282,0.940389112,0.937174146,0.933317414,0.92932344,0.925494222,0.92149642,0.917184259,0.912817078,0.908148843,0.902982728,0.897494603,0.891439238,0.884553726,0.877095386,0.868981328,0.860386268,0.850447054,0.838860404,0.825184797,0.809767633,0.792598283,0.77275247,0.749389214,0.722155393,0.682135265,0.619451284,0.55676542
8.75,0.712194807,0.722190439,0.73678523,0.752507446,0.770513157,0.78840762,0.803907569,0.817516174,0.830546393,0.842789749,0.854126702,0.862969084,0.870927417,0.878149023,0.885179636,0.892072859,0.898420508,0.904295858,0.909771435,0.914956275,0.919644236,0.923538601,0.926888395,0.930232888,0.933536202,0.936685176,0.939808641,0.94287842,0.945691483,0.948463194,0.95128681,0.953907376,0.95617931,0.958345799,0.960488476,0.962433933,0.964098474,0.965633855,0.967306801,0.968977891,0.970529783,0.971940903,0.973260348,0.97451981,0.975826191,0.977193468,0.978812988,0.980549729,0.981978818,0.983120511,0.983995456,0.98455189,0.984928349,0.985194111,0.985268763,0.985571797,0.986322291,0.987296136,0.988371053,0.989624756,0.990892081,0.992020606,0.992943859,0.993622183,0.994088689,0.994531928,0.995033404,0.995483961,0.995770021,0.995952854,0.99616006,0.996435281,0.996742716,0.997049399,0.997486876,0.997799559,0.997835795,0.997810643,0.998061751,0.998462869,0.998732838,0.998919397,0.999096372,0.999079929,0.99887624,0.998863408,0.999183808,0.999631575,0.999863074,0.999979555,0.99995447,0.999696673,0.999364333,0.999171668,0.998927679,0.998698826,0.998745864,0.99899747,0.999202264,0.999503981,0.999491116,0.998848185,0.997886002,0.997137799,0.996452445,0.995995926,0.995980955,0.99617278,0.99641645,0.996849669,0.996910223,0.99630769,0.995415842,0.994692226,0.993936391,0.993366799,0.993252425,0.993305273,0.992961352,0.9924803,0.991799642,0.990757961,0.989436737,0.988118013,0.986745013,0.985410516,0.984284305,0.983339308,0.982655259,0.982220523,0.981643923,0.980816705,0.97994197,0.979017202,0.977925944,0.976785114,0.975649587,0.974475843,0.973217531,0.971921618,0.970467961,0.968922342,0.967330134,0.965649252,0.963896395,0.962108942,0.960330924,0.95855759,0.956680677,0.954648622,0.952449035,0.949863664,0.946909626,0.943926269,0.941087183,0.937906002,0.934064269,0.92990703,0.925998321,0.922049765,0.917815255,0.913542844,0.90915115,0.904076137,0.898670436,0.892726127,0.885918534,0.878493431,0.870475687,0.861967549,0.852252201,0.840979183,0.827625509,0.812457268,0.795524579,0.775984962,0.753189959,0.72663222,0.687262006,0.626109683,0.564834199
9,0.716708508,0.72653427,0.740887566,0.75627261,0.77381405,0.791509485,0.806753943,0.819885844,0.832657662,0.844870164,0.856027925,0.864560274,0.872300195,0.879385926,0.886416892,0.893274881,0.899575077,0.905389337,0.910763771,0.915825513,0.92046378,0.924307327,0.927547274,0.930693054,0.933895472,0.937000209,0.94010439,0.943211899,0.946123861,0.948859907,0.951647761,0.954232702,0.956521943,0.958772236,0.960934705,0.962867204,0.964512324,0.965983212,0.967521887,0.96915426,0.970683582,0.972074541,0.973376567,0.974668833,0.97601051,0.977410154,0.979062721,0.980722585,0.98206376,0.98317535,0.984034328,0.984579044,0.984943327,0.985241417,0.985383851,0.985649586,0.986364484,0.987321648,0.988384902,0.989586841,0.990855366,0.991990197,0.992940825,0.99368057,0.99416911,0.994592386,0.995093513,0.995510017,0.995763397,0.99595355,0.996188202,0.996493775,0.996804564,0.997199489,0.997669934,0.997970805,0.997983491,0.99787976,0.997957962,0.998302406,0.998585334,0.998794212,0.999036375,0.999169701,0.999060859,0.999047242,0.999389964,0.999757296,0.999933203,1.000019655,0.999959205,0.999670937,0.999288469,0.999038228,0.998846052,0.99865346,0.998756913,0.998992644,0.999284797,0.999625899,0.999597128,0.998915792,0.998052089,0.997334319,0.996626455,0.996157949,0.996128161,0.996318369,0.996509208,0.996829661,0.996924402,0.996335069,0.995393293,0.994571207,0.993859967,0.993274045,0.993168909,0.993328168,0.993188211,0.992714489,0.99207492,0.991061567,0.989823132,0.988548715,0.987171612,0.985831822,0.984696076,0.983715745,0.982920495,0.98239694,0.981818421,0.980987,0.980116357,0.979127619,0.977991473,0.976825862,0.975669592,0.974491586,0.973241297,0.971934963,0.970517308,0.969011772,0.967463058,0.965833518,0.96411869,0.962357466,0.960605033,0.958837773,0.956938978,0.954904504,0.952712909,0.950141434,0.947281242,0.944547832,0.941824775,0.938677378,0.934850644,0.930619639,0.926513159,0.922583293,0.91842103,0.914237986,0.91003104,0.905219954,0.899848853,0.894014926,0.887296421,0.879892856,0.871963991,0.863526611,0.854041172,0.843059943,0.830082351,0.815158321,0.798446228,0.779250658,0.757080618,0.731098469,0.692439786,0.632803308,0.572932243
9.25,0.721126252,0.730765005,0.744923648,0.759973813,0.777136914,0.794573198,0.809433253,0.82218664,0.834707389,0.846951313,0.857911439,0.866163853,0.873642311,0.880630017,0.887646923,0.894465841,0.900718583,0.906471749,0.911769865,0.916688433,0.921258456,0.925040514,0.928198081,0.931173245,0.934229502,0.937278818,0.940353326,0.943466569,0.946492637,0.949253712,0.95200766,0.954565785,0.956922182,0.959245009,0.961407562,0.963327103,0.964952803,0.966387642,0.967796525,0.969344971,0.97084925,0.972219705,0.973519923,0.974851285,0.976219352,0.977645257,0.979308917,0.980842082,0.982118673,0.98320488,0.984047892,0.98458089,0.984936018,0.985239347,0.985477117,0.985721465,0.986400933,0.987329923,0.988397202,0.989544408,0.990803542,0.99194042,0.992910426,0.99370945,0.994263143,0.994675855,0.995170127,0.995532401,0.995767321,0.99596944,0.996228904,0.996560499,0.996905399,0.997395245,0.99787222,0.998161279,0.998150416,0.997998941,0.997923747,0.998140489,0.998423751,0.9986504,0.998939723,0.999197235,0.999249436,0.99925041,0.999601172,0.999861128,1.000012311,1.000062668,0.999966854,0.999648115,0.99923683,0.998920861,0.998764589,0.998615541,0.998762814,0.998993359,0.999384957,0.999736529,0.999696436,0.999001913,0.998273663,0.997543476,0.996826326,0.996345834,0.996301228,0.996477756,0.996662196,0.996832361,0.996937116,0.996357629,0.995401422,0.994460906,0.993763423,0.993169469,0.99307205,0.993287911,0.993371088,0.992977176,0.992375411,0.991401345,0.990267302,0.989015422,0.987635937,0.986290856,0.985145575,0.984142766,0.983258049,0.982596276,0.98200134,0.981166167,0.980274487,0.97921255,0.978045153,0.976854763,0.975677751,0.974488073,0.973261221,0.971949565,0.970565201,0.969099766,0.967591191,0.96600781,0.964334247,0.962599054,0.960869152,0.959087994,0.957169516,0.955140464,0.952963401,0.950422715,0.947750567,0.945246921,0.942593981,0.939480369,0.935668635,0.931418367,0.92712109,0.923108134,0.919006989,0.914907908,0.910827852,0.906312731,0.901040333,0.895306175,0.888680888,0.881301318,0.873448407,0.865080257,0.855817202,0.845118944,0.832558688,0.817876958,0.801374643,0.782562283,0.76104165,0.735556256,0.697660541,0.639510655,0.581053697
9.5,0.725467664,0.73490478,0.748910038,0.763611689,0.780462249,0.797605216,0.811987643,0.824430984,0.836811521,0.849028672,0.859781671,0.86777456,0.874965297,0.881886768,0.888873,0.895648504,0.901853792,0.907545293,0.912767857,0.917572711,0.922038937,0.925748834,0.92883697,0.931682627,0.934553079,0.937531393,0.940565837,0.943673478,0.946757021,0.94964337,0.952368404,0.954926199,0.957384518,0.95974117,0.96190039,0.963806974,0.965413254,0.966820057,0.968150825,0.969553013,0.971025041,0.972374167,0.973700425,0.975057268,0.97644661,0.977892669,0.979513274,0.98093051,0.982159343,0.983215428,0.984042473,0.984563754,0.98491773,0.985222064,0.985516869,0.985787271,0.986431474,0.98732679,0.988380314,0.989515951,0.990740868,0.991875536,0.992864048,0.993705258,0.994345137,0.994775903,0.995243273,0.995557613,0.995783617,0.99599789,0.996279528,0.996628345,0.997075929,0.997613453,0.998088927,0.998366174,0.998331762,0.998141995,0.997968388,0.997999928,0.998252636,0.998492508,0.998824605,0.999171877,0.999401538,0.999465321,0.999778608,0.999979313,1.000096864,1.000107867,0.999976689,0.999627478,0.999200242,0.998847934,0.998664649,0.998580422,0.998733513,0.999045464,0.99949171,0.999840454,0.999793627,0.999155642,0.998490743,0.997757583,0.997045593,0.996553114,0.99649369,0.996643655,0.996812681,0.996906495,0.996951718,0.996378724,0.995424822,0.99442067,0.993627319,0.993054589,0.992963366,0.993215966,0.99343947,0.993273262,0.992698298,0.991797169,0.990739582,0.989500411,0.988128558,0.986778184,0.985623369,0.984594852,0.983653347,0.982847184,0.982192619,0.981355391,0.980395301,0.979284217,0.978089949,0.976874778,0.975677023,0.974475711,0.973255945,0.97197277,0.970611625,0.969186306,0.967715808,0.966174012,0.964544582,0.962835486,0.96111851,0.959307421,0.957384219,0.955363041,0.953207053,0.950735468,0.948339799,0.945983068,0.9433869,0.940307073,0.936510338,0.932259911,0.927865764,0.923641919,0.919578534,0.915558012,0.911578928,0.90726687,0.902267376,0.89660041,0.890069537,0.882734883,0.874931103,0.866631074,0.857583527,0.847167678,0.834992568,0.82061934,0.804328412,0.785932564,0.765048263,0.740007697,0.702916205,0.646210222,0.58919271
9.75,0.729752371,0.738975732,0.752863301,0.767186873,0.783803422,0.800611998,0.814476075,0.826631297,0.838984381,0.851125561,0.861643049,0.869405749,0.876280682,0.883156298,0.890107717,0.896825635,0.902982706,0.908611255,0.91375872,0.918473692,0.922815894,0.926463169,0.92949789,0.932222609,0.934907415,0.937768324,0.940757525,0.943862155,0.946971937,0.949969871,0.952731886,0.955341126,0.957869734,0.960243238,0.962405198,0.964300158,0.965889224,0.967266195,0.968540881,0.96981828,0.971209207,0.972551781,0.973902673,0.975275297,0.976684009,0.978146286,0.979671878,0.981019552,0.982209137,0.983221088,0.9840244,0.984543781,0.984912578,0.985214535,0.98551844,0.985846838,0.986451848,0.987309013,0.988341821,0.989480536,0.990671601,0.991805461,0.992818491,0.993691182,0.994395688,0.994886096,0.995306921,0.995590115,0.995809591,0.996034664,0.996337439,0.996737738,0.997278558,0.997843746,0.998318078,0.998580684,0.998526138,0.998297858,0.99804911,0.997926405,0.998076537,0.998329346,0.998709472,0.999128345,0.999491679,0.999684381,0.999937224,1.000108081,1.000188541,1.000157071,0.99998798,0.999619146,0.999190119,0.998812489,0.998580379,0.998543458,0.99871829,0.99913635,0.999622634,0.999956175,0.999893286,0.999346363,0.998680304,0.997945836,0.997262399,0.996773324,0.996685436,0.996788163,0.996940022,0.997020729,0.996971562,0.996416973,0.995480231,0.994431867,0.993517368,0.992930926,0.992834285,0.993114447,0.993443144,0.993509853,0.993040767,0.992234852,0.991202689,0.989969938,0.988627141,0.987284376,0.986111839,0.985041312,0.984058462,0.983160627,0.982392194,0.981527395,0.980497934,0.979347841,0.978127047,0.97688887,0.975672646,0.97446497,0.973244849,0.97198825,0.970656564,0.969269604,0.967834864,0.96633296,0.964747355,0.963068542,0.961343559,0.959518369,0.957601553,0.955584645,0.953450405,0.951146641,0.94898221,0.946737163,0.944199739,0.941149585,0.937377098,0.933131534,0.928679737,0.924271761,0.92014107,0.91618195,0.912288788,0.908138346,0.903427846,0.897898172,0.89146632,0.884190287,0.876414245,0.868204346,0.859343381,0.849210241,0.837386527,0.823391633,0.807357153,0.789374227,0.769108897,0.744454906,0.708198713,0.652880504,0.597343429
10,0.734,0.743,0.7568,0.7707,0.787198446,0.8036,0.81691892,0.8288,0.841219156,0.853267697,0.8635,0.871078767,0.8776,0.88445798,0.891364467,0.898,0.904106463,0.909671103,0.914742513,0.919369282,0.9236,0.927235052,0.930222486,0.932832395,0.93533487,0.938,0.940951193,0.944053791,0.947190794,0.950245197,0.9531,0.955778427,0.95834408,0.960740519,0.962911306,0.9648,0.966377069,0.967720605,0.968935606,0.970127072,0.9714,0.972749357,0.974109681,0.975495326,0.976920648,0.9784,0.979845952,0.981148472,0.982288016,0.98324504,0.984,0.984548072,0.984943322,0.985254535,0.985550499,0.9859,0.986453849,0.987270508,0.988280244,0.989413319,0.9906,0.991746755,0.99278798,0.993695826,0.994442449,0.995,0.995372778,0.995629852,0.995840538,0.996074149,0.9964,0.996888877,0.997488539,0.998083763,0.998559325,0.9988,0.998734187,0.998464773,0.998138265,0.997901171,0.9979,0.99817536,0.998607328,0.999101617,0.999563937,0.9999,1.00011156,1.000248874,1.000290407,1.000214627,1,0.999644269,0.99922228,0.998828157,0.998556023,0.9985,0.998774036,0.99928202,0.999802985,1.000115967,1,0.999477097,0.998796206,0.998076767,0.997438219,0.997,0.996841596,0.996882677,0.99700296,0.997082162,0.997,0.99650599,0.995593496,0.994508007,0.993495012,0.9928,0.992667665,0.992972023,0.993402549,0.993648716,0.9934,0.992635905,0.991603316,0.990392775,0.989094822,0.9878,0.986583314,0.985457633,0.984420296,0.983468639,0.9826,0.981676299,0.980594517,0.979404586,0.978156436,0.9769,0.975672874,0.974463344,0.973247377,0.972000941,0.9707,0.969346061,0.967945628,0.966482164,0.964939133,0.9633,0.961567486,0.959749694,0.957838158,0.955824415,0.9537,0.951627114,0.949632429,0.947504188,0.945030631,0.942,0.938277494,0.934036187,0.929526133,0.924997386,0.9207,0.91676317,0.912947533,0.908950312,0.904468727,0.8992,0.89287574,0.885660296,0.8779,0.869821809,0.8611,0.851250089,0.839780966,0.8262,0.810497598,0.7929,0.773257695,0.7489,0.7135,0.6595,0.6055
